,,,,,,‚úèÔ∏è –ó–ê–ü–û–õ–ù–ò–¢–¨,,,,,,,,,,,,,,,,,,,,,,,,,,,,,,,,,,,,,,,üíº –£–°–õ–û–í–ò–Ø,,,üìà –≠–§–§–ï–ö–¢–ò–í–ù–û–°–¢–¨ –ü–†–û–î–ê–ñ–ò,,,,,,,,,,,,,üßÆ –†–ê–°–ß–Å–¢–´,,,,,,,,,,,,,,
,,,,,,‚¨áÔ∏è,‚¨áÔ∏è,‚¨áÔ∏è,‚¨áÔ∏è,üí∞,‚¨áÔ∏è,‚¨áÔ∏è,üîí,üí∞,,üí∞,,‚¨áÔ∏è,‚¨áÔ∏è,‚¨áÔ∏è,üí∞,üí∞,üí∞,üí∞,‚¨áÔ∏è,üîí,üí∞,üí∞,üí∞,‚¨áÔ∏è,‚¨áÔ∏è,‚¨áÔ∏è,‚¨áÔ∏è,üîí,üîí,üí∞,üîí,üí∞,‚¨áÔ∏è,‚¨áÔ∏è,‚¨áÔ∏è,‚¨áÔ∏è,‚¨áÔ∏è,‚¨áÔ∏è,,,,üîí,üîí,üîí,‚¨áÔ∏è,üîí,üîí,üîí,üîí,üîí,üîí,üîí,üîí,,,,,,,,,,,,,,,,
‚úÖ/‚ùå,"FBS/
FBO",  SKU,"–í–∫–ª.
—Å—Ç—Ä–æ–∫—É",–ú–µ–Ω–µ–¥–∂–µ—Ä,–í—ã–≤–æ–¥,"–ó–∞–∫—É–ø–∫–∞,
1 —à—Ç","–ü—Ä–æ–¥–∞–∂–∞,
1 —à—Ç","–ü—Ä–µ–¥–ø–æ–ª–∞-
–≥–∞–µ–º—ã–π –°–ü–ü + –ö–æ—à–µ–ª–µ–∫ WB",–ö–µ—à–±–µ–∫ WB,–°–∫–æ–ª—å–∫–æ % –∫–æ–º–∏—Å—Å–∏–∏ —Å–Ω–∏–∂–∞–µ—Ç –∞–∫—Ü–∏—è OZON,–°–∫–æ–ª—å–∫–æ —à—Ç—É–∫ –≤ –ø–∞—Ä—Ç–∏–∏?,"–ö–æ–º–∏—Å—Å–∏—è
–º–∞—Ä–∫–µ—Ç–ø–ª–µ–π—Å–∞",,,,,,–ö—É–¥–∞ –∏ –∫–∞–∫ –æ—Ç–≥—Ä—É–∂–∞–µ–º WB?,,–ò–õ WB,"–ò–Ω–¥–µ–∫—Å –ª–æ–∫–∞-
–ª–∏–∑–∞—Ü–∏–∏ OZON",–û–±—Ä–∞–±–æ—Ç–∫–∞ —Ç–æ–≤–∞—Ä–∞ –≤ —Å–æ—Å—Ç–∞–≤–µ –≥—Ä—É–∑–æ–º–µ—Å—Ç–∞ OZON,,"–î–æ–ª—è –ª–æ–∫–∞–ª—å-
–Ω—ã—Ö –ø—Ä–æ–¥–∞–∂ –Ø.–ú–∞—Ä–∫–µ—Ç",–ö–æ—ç—Ñ—Ñ –ø—Ä–∏–µ–º–∫–∏ WB,–ü—Ä–∏–µ–º–∫–∞ WB,–ü–µ—Ä–µ–¥–∞–ª –¥–æ —Ä–µ–∫–æ–º–µ–Ω–¥–æ–≤–∞–Ω–Ω–æ–≥–æ —Å–ª–æ—Ç–∞ –æ—Ç–≥—Ä—É–∑–∫–∏ OZON,–ü—Ä–∏–µ–º–∫–∞ OZON,–ü—Ä–∏–µ–º–∫–∞ –Ø.–ú–∞—Ä–∫–µ—Ç,–î–Ω–µ–π –Ω–∞ –ø—Ä–æ–¥–∞–∂—É –ø–∞—Ä—Ç–∏–∏ FBW,"–í—ã—Å–æ—Ç–∞
–®–∏—Ä–∏–Ω–∞
–î–ª–∏–Ω–∞
–≤ !–°–ú!",,,–û–±—ä–µ–º/ –æ–±—ä–µ–º. –≤–µ—Å,–î–æ–ø. –æ–±—ä–µ–º,"–í–µ—Å, –∫–≥
–Ø.–ú–∞—Ä–∫–µ—Ç","–≠–∫–≤–∞–π-
—Ä–∏–Ω–≥ WB",–ü–µ—Ä–µ–≤–æ–¥ –ø–ª–∞—Ç–µ–∂–µ–π –Ø.–ú–∞—Ä–∫–µ—Ç,"–¶–µ–Ω–∞ –æ—Ç–≥—Ä—É–∑-–∫–∏ –µ–¥–∏-
–Ω–∏—Ü—ã –Ω–∞ FBO","–¶–µ–Ω–∞ –æ—Ç–≥—Ä—É–∑-–∫–∏ –µ–¥–∏-
–Ω–∏—Ü—ã –Ω–∞ FBS","–î–æ–ø. –∑–∞—Ç—Ä–∞-
—Ç—ã –Ω–∞ –µ–¥–∏-
–Ω–∏—Ü—É","%
–≤—ã–∫—É–ø–∞","%
–±—Ä–∞–∫–∞","% –Ω–∞ –º–∞—Ä–∫–µ-
—Ç–∏–Ω–≥",–ò–ü,–ü–ª–æ—â–∞–¥–∫–∞,"–ù–∞–ø—Ä–∞–≤-
–ª–µ–Ω–∏–µ","CPO
–¶–µ–Ω–∞ –∑–∞–∫–∞–∑–∞","CPS
–¶–µ–Ω–∞ –ø—Ä–æ–¥–∞–∂–∏",–ü—Ä–æ—Ü–µ–Ω—Ç —Ä–µ–∫–ª–∞–º—ã –≤ –ß–ü,CPO (–∑–∞–¥–∞–µ–º),"–î–†–†
–∏–∑ CPO","–¶–ï–ù–ê-
CPO",–ß–ü 1 —à—Ç.,–ß–ü –ø–∞—Ä—Ç–∏–∏,–í—ã—Ä—É—á–∫–∞ –ø–∞—Ä—Ç–∏–∏,"–†–µ–Ω—Ç–∞–±–µ–ª—å-
–Ω–æ—Å—Ç—å –∏–Ω–≤–µ—Å—Ç–∏—Ü–∏–π",–ú–∞—Ä–∂–∏–Ω–∞–ª—å–Ω–æ—Å—Ç—å –ø—Ä–æ–¥–∞–∂,–ú–∞—Ä–∂–∏–Ω–∞–ª—å–Ω–æ—Å—Ç—å –ø—Ä–∏—Ö–æ–¥–∞,,"X—Ä–∞–Ω–µ-
–Ω–∏–µ","–õ–æ–≥–∏—Å-
—Ç–∏–∫–∞",–î–æ—Å—Ç–∞–≤–∫–∞ –¥–æ –º–µ—Å—Ç–∞ –≤—ã–¥–∞—á–∏ OZON,–ú–µ–∂–¥—É –Ω–∞—Å. –ø—É–Ω–∫—Ç–∞–º–∏/ –°—Ä. –º–∏–ª—è –Ø.–ú–∞—Ä–∫–µ—Ç,"–û–±—Ä–∞-
–±–æ—Ç–∫–∞ –≤–æ–∑-
–≤—Ä–∞—Ç–∞","–¶–µ–Ω–∞
–≤–æ–∑-
–≤—Ä–∞—Ç–∞",–ú–ü ‚Üí –ö–ª–∏–µ–Ω—Ç,"–ö–æ–º–∏—Å-
—Å–∏—è
–ú–ü","–£–¥–µ—Ä-
–∂–∞–Ω–∏—è –ú–ü –ò—Ç–æ–≥",–ù–î–°,–ù–∞–ª–æ–≥ —Å –ù–î–°,–ö–æ—Å—Ç—ã –±–µ–∑ –∑–∞–∫—É–ø,–†–µ–∞–ª—å–Ω–æ —Ç—Ä–∞—Ç–∏–º,–ü—Ä–∏—Ö–æ–¥ –Ω–∞ —Å—á–µ—Ç,"–ü—Ä–∏-
–±—ã–ª—å"
,,,,,,,,,,,,WB,,OZON,,–Ø.–ú–∞—Ä–∫–µ—Ç,,,,,,,,,,,,,,,,,,,,,,,,,,,,,,,,,,,,,,,,,,,,,,,,,,,,,,,,,,,
"–ü—Ä–æ–¥–∞-
–µ–º –∏–ª–∏ –Ω–µ—Ç","FBS –∏–ª–∏ FBO, –≤—ã–±—Ä–∞–Ω-
–Ω—ã–π –≤ —Å—Ç–æ–ª–±—Ü–µ AQ:AQ","–ù–∞–∑–≤–∞–Ω–∏–µ —Ç–æ–≤–∞—Ä–∞, –¥–ª—è –≤–∞—à–µ–≥–æ —É–¥–æ–±—Å—Ç–≤–∞","–í–∫–ª—é-
—á–µ–Ω–∏–µ –æ—Ç–æ–±—Ä–∞-
–∂–µ–Ω–∏—è —Å—Ç—Ä–æ–∫–∏. –ú–æ–∂–Ω–æ –≤—ã–∫–ª. —Ç–æ, —á–µ–º –Ω–µ –ø–æ–ª—å–∑—É-
–µ–º—Å—è, —á—Ç–æ–±—ã –Ω–µ –º–µ—à–∞–ª–æ","–ò–º—è –º–µ–Ω–µ–¥–∂–µ—Ä–∞, –¥–ª—è –≤–∞—à–µ–≥–æ —É–¥–æ–±—Å—Ç–≤–∞","–í—ã–≤–æ–¥, –ø—Ä–æ–¥–∞–µ–º –∏–ª–∏ –Ω–µ –ø—Ä–æ–¥–∞–µ–º —Ç–æ–≤–∞—Ä, –æ—Å–Ω–æ–≤—ã–≤–∞—è—Å—å –Ω–∞ —Ç–∏–ø–µ –∏ —Ä–∞–∑–º–µ—Ä–µ –º–∞—Ä–∂–∏–Ω–∞–ª—å–Ω–æ—Å—Ç–∏ –≤–æ –≤–∫–ª–∞–¥–∫–µ 
¬´‚ñ∂Ô∏è –ò–Ω—Å—Ç—Ä—É–∫—Ü–∏—è¬ª","–ó–∞–∫—É–ø–æ—á–Ω–∞—è —Å–µ–±–µ—Å—Ç–æ-
–∏–º–æ—Å—Ç—å 1 –µ–¥–∏–Ω–∏—Ü—ã —Ç–æ–≤–∞—Ä–∞
(1 —à—Ç—É–∫–∏, –µ—Å–ª–∏ –ø—Ä–æ–¥–∞–µ—Ç–µ
–ø–æ –æ–¥–Ω–æ–º—É, —Å—É–º–º–∞ –Ω–µ—Å–∫–æ–ª—å–∫–∏—Ö —à—Ç—É–∫, –µ—Å–ª–∏ –ø—Ä–æ–¥–∞–µ—Ç–µ –∫–æ–º–ø–ª–µ–∫—Ç–æ–º)","–¶–µ–Ω–∞, –ø–æ –∫–æ—Ç–æ—Ä–æ–π –ø–ª–∞–Ω–∏—Ä—É–µ—Ç—Å—è –ø—Ä–æ–¥–∞–∂–∞
1 –µ–¥–∏–Ω–∏—Ü—ã —Ç–æ–≤–∞—Ä–∞
(1 —à—Ç—É–∫–∏, –µ—Å–ª–∏ –ø—Ä–æ–¥–∞–µ—Ç–µ –ø–æ –æ–¥–Ω–æ–º—É, —Å—É–º–º–∞ –Ω–µ—Å–∫–æ–ª—å–∫–∏—Ö —à—Ç—É–∫, –µ—Å–ª–∏ –ø—Ä–æ–¥–∞–µ—Ç–µ –∫–æ–º–ø–ª–µ–∫—Ç–æ–º)","–ü—Ä–µ–¥–ø–æ–ª–∞–≥–∞-
–µ–º—ã–π –°–ü–ü –æ—Ç WB –∏ –°–æ–∏–Ω–≤–µ—Å—Ç –æ—Ç OZON –¥–ª—è –ø—Ä–∞–≤–∏–ª—å-
–Ω–æ–≥–æ —Ä–∞—Å—á–µ—Ç–∞ –Ω–∞–ª–æ–≥–æ–≤","–£–∫–∞–∂–∏—Ç–µ –∫–µ—à–±–µ–∫, –∫–æ—Ç–æ—Ä—ã–π –≤–µ—Ä–Ω–µ—Ç–µ –∫–ª–∏–µ–Ω—Ç—É. –ê–≤—Ç–æ–º–∞—Ç–æ–º –ø–ª—é—Å—É–µ—Ç—Å—è 10% –∫–æ–º–∏—Å—Å–∏–∏ WB –Ω–∞ —ç—Ç–æ—Ç –∫–µ—à–±–µ–∫","% –∫–æ–º–∏—Å—Å–∏–∏, –Ω–∞ –∫–æ—Ç–æ—Ä—ã–π OZON —Å–Ω–∏–∂–∞–µ—Ç —Å–≤–æ—é –∫–æ–º–∏—Å—Å–∏—é, –µ—Å–ª–∏ –º—ã –±—É–¥–µ–º —É—á–∞—Å—Ç–≤–æ–≤–∞—Ç—å –≤ –∞–∫—Ü–∏–∏","–ü—Ä–∏–º–µ—Ä-
–Ω–æ–µ –∫–æ–ª–∏—á–µ—Å—Ç-
–≤–æ —à—Ç—É–∫
–≤ –ø–æ—Å—Ç–∞–≤-
–ª—è–µ–º–æ–π –ø–∞—Ä—Ç–∏–∏ (–º–æ–∂–µ—Ç –±—ã—Ç—å 1, –¥–ª—è –ø—Ä–æ—Å—Ç–æ—Ç—ã —Ä–∞—Å—á–µ—Ç–æ–≤)","–ù–∞–∑–≤–∞–Ω–∏–µ –∫–∞—Ç–µ–≥–æ—Ä–∏–∏, –ø–æ–¥–≥—Ä—É–∂–∞–µ—Ç—Å—è –∞–≤—Ç–æ–º–∞—Ç–∏—á–µ—Å–∫–∏ –ø–æ—Å–ª–µ –≤–≤–µ–¥–µ–Ω–∏—è –ø–µ—Ä–≤—ã—Ö –±—É–∫–≤ –Ω–∞–∑–≤–∞–Ω–∏—è","–ö–æ–º–∏—Å-
—Å–∏—è –º–∞—Ä–∫–µ—Ç-
–ø–ª–µ–π—Å–∞ –ø–æ–¥–≥—Ä—É-
–∂–∞–µ—Ç—Å—è –∞–≤—Ç–æ–º–∞-
—Ç–∏—á–µ—Å–∫–∏","–ù–∞–∑–≤–∞–Ω–∏–µ –∫–∞—Ç–µ–≥–æ—Ä–∏–∏, –ø–æ–¥–≥—Ä—É–∂–∞–µ—Ç—Å—è –∞–≤—Ç–æ–º–∞—Ç–∏—á–µ—Å–∫–∏ –ø–æ—Å–ª–µ –≤–≤–µ–¥–µ–Ω–∏—è –ø–µ—Ä–≤—ã—Ö –±—É–∫–≤ –Ω–∞–∑–≤–∞–Ω–∏—è","–ö–æ–º–∏—Å-
—Å–∏—è –º–∞—Ä–∫–µ—Ç-
–ø–ª–µ–π—Å–∞ –ø–æ–¥–≥—Ä—É-
–∂–∞–µ—Ç—Å—è –∞–≤—Ç–æ–º–∞-
—Ç–∏—á–µ—Å–∫–∏","–ù–∞–∑–≤–∞–Ω–∏–µ –∫–∞—Ç–µ–≥–æ—Ä–∏–∏, –ø–æ–¥–≥—Ä—É–∂–∞–µ—Ç—Å—è –∞–≤—Ç–æ–º–∞—Ç–∏—á–µ—Å–∫–∏ –ø–æ—Å–ª–µ –≤–≤–µ–¥–µ–Ω–∏—è –ø–µ—Ä–≤—ã—Ö –±—É–∫–≤ –Ω–∞–∑–≤–∞–Ω–∏—è","–ö–æ–º–∏—Å-
—Å–∏—è –º–∞—Ä–∫–µ—Ç-
–ø–ª–µ–π—Å–∞ –ø–æ–¥–≥—Ä—É-
–∂–∞–µ—Ç—Å—è –∞–≤—Ç–æ–º–∞-
—Ç–∏—á–µ—Å–∫–∏","–ù–∞–∑–≤–∞–Ω–∏–µ —Å–∫–ª–∞–¥–∞ –¥–ª—è –æ—Ç–≥—Ä—É–∑–∫–∏. –ï—Å–ª–∏ —Å–∫–ª–∞–¥–æ–≤ –Ω–µ—Å–∫–æ–ª—å–∫–æ, —Ç–æ –∑–∞–¥–∞–µ–º –∏—Ö –≤ ¬´‚ñ∂Ô∏è –ò–Ω—Å—Ç—Ä—É–∫—Ü–∏—è¬ª –≤ —Å—Ç–æ–ª–±—Ü–µ –ï:–ï, –∞ –ø–æ—Ç–æ–º —Ç—É—Ç –≤—ã–±–∏—Ä–∞–µ–º ¬´–ú–∞–∫—Å. –∏–∑ –Ω–∞—à–∏—Ö¬ª","–í—ã–±–∏—Ä–∞–µ–º –∫–∞–∫ –æ—Ç–≥—Ä—É–∂–∞–µ–º, –∫–æ—Ä–æ–±–∞–º–∏ –∏–ª–∏ –º–æ–Ω–æ–ø–∞–ª-
–ª–µ—Ç–∞–º–∏",–ö–æ—ç—Ñ—Ñ–∏—Ü–∏–µ–Ω—Ç —Ç–µ—Ä—Ä–∏—Ç–æ—Ä–∏–∞–ª—å–Ω–æ–≥–æ —Ä–∞—Å–ø—Ä–µ–¥–µ–ª–µ–Ω–∏—è –∑–∞ –Ω–µ–¥–µ–ª—é –∏–∑ –õ–ö WB,"–ò–Ω–¥–µ–∫—Å –ª–æ–∫–∞–ª–∏-
–∑–∞—Ü–∏–∏ –∏–∑ –õ–ö OZON",–ü–æ–¥—Ä–æ–±–Ω–µ–µ –æ–± —ç—Ç–æ–º ‚Äì —Ç—É—Ç,,"–î–æ–ª—è –ª–æ–∫–∞–ª—å–Ω—ã—Ö –ø—Ä–æ–¥–∞–∂
–∏–∑ –õ–ö –Ø.–ú–∞—Ä–∫–µ—Ç",–ö–æ—ç—Ñ—Ñ–∏—Ü–∏–µ–Ω—Ç –ø—Ä–∏–µ–º–∫–∏ –Ω–∞ WB —Ç—É—Ç,–¶–µ–Ω–∞ –ø—Ä–∏–µ–º–∫–∏ WB –≤–æ –≤—Ä–µ–º—è —Å–¥–∞—á–∏ —Ç–æ–≤–∞—Ä–∞ —Ç—É—Ç,–ü—Ä–∏ –ø–µ—Ä–µ–¥–∞—á–µ –¥–æ —Ä–µ–∫–æ–º–µ–Ω–¥–æ–≤–∞–Ω–Ω–æ–≥–æ —Å–ª–æ—Ç–∞ –æ—Ç–≥—Ä—É–∑–∫–∏ ‚Äì —Å–∫–∏–¥–∫–∞ 4% –ø–æ FBS,"–¶–µ–Ω–∞ –ø—Ä–∏–µ–º–∫–∏ OZON, —Ñ–æ—Ä–º–∏—Ä—É–µ—Ç—Å—è –∏—Å—Ö–æ–¥—è –∏–∑ –≤—ã–±–æ—Ä–∞, —Å–¥–µ–ª–∞–Ω–Ω–æ–≥–æ –≤ ¬´‚öôÔ∏è–ù–∞—Å—Ç—Ä–æ–π–∫–∏¬ª","–¶–µ–Ω–∞ –ø—Ä–∏–µ–º–∫–∏ –Ø.–ú–∞—Ä–∫–µ—Ç, —Ñ–æ—Ä–º–∏—Ä—É–µ—Ç—Å—è –∏—Å—Ö–æ–¥—è –∏–∑ –≤—ã–±–æ—Ä–∞, —Å–¥–µ–ª–∞–Ω–Ω–æ–≥–æ –≤ ¬´‚öôÔ∏è–ù–∞—Å—Ç—Ä–æ–π–∫–∏¬ª","–ü—Ä–∏–º–µ—Ä-
–Ω–æ–µ –≤—Ä–µ–º—è —Ä–∞—Å–ø—Ä–æ-
–¥–∞–∂–∏ –ø–∞—Ä—Ç–∏–∏ –∏–∑ –∫–æ–ª–∏—á-
–µ—Å—Ç–≤–∞, —É–∫–∞–∑–∞–Ω-
–Ω–æ–≥–æ –≤ –ö:–ö, –ø–æ—Å—Ç–∞–≤–ª—è-
–µ–º–æ–π –Ω–∞ WB, –¥–ª—è —Ä–∞—Å—á–µ—Ç–∞ —Ü–µ–Ω—ã —Ö—Ä–∞–Ω–µ–Ω–∏—è –µ–¥–∏–Ω–∏—Ü—ã","–í—ã—Å–æ—Ç–∞, —à–∏—Ä–∏–Ω–∞ –∏ –¥–ª–∏–Ω–∞ –≤ —Å–∞–Ω—Ç–∏-
–º–µ—Ç—Ä–∞—Ö
1 –µ–¥–∏–Ω–∏—Ü—ã —Ç–æ–≤–∞—Ä–∞
(1 —à—Ç—É–∫–∏, –µ—Å–ª–∏ –ø—Ä–æ–¥–∞–µ—Ç–µ –ø–æ –æ–¥–Ω–æ–º—É, —Å—É–º–º–∞ –Ω–µ—Å–∫–æ–ª—å-
–∫–∏—Ö —à—Ç—É–∫, –µ—Å–ª–∏ –ø—Ä–æ–¥–∞–µ—Ç–µ –∫–æ–º–ø–ª–µ–∫—Ç–æ–º)",,,"–û–±—ä–µ–º –∏–ª–∏ –æ–±—ä–µ–º-
–Ω—ã–π –≤–µ—Å –≤—ã–±–∏—Ä–∞-
–µ—Ç—Å—è –∏ —Ä–∞—Å—Å—á–∏-
—Ç—ã–≤–∞–µ—Ç—Å—è –∞–≤—Ç–æ–º–∞-
—Ç–∏—á–µ—Å–∫–∏","–î–æ–ø–æ–ª-
–Ω–∏—Ç–µ–ª—å-
–Ω—ã–π –æ–±—ä–µ–º —Å–≤–µ—Ä—Ö —É–∫–∞–∑–∞–Ω-
–Ω–æ–π –Ω–∞ –ú–ü –Ω–æ—Ä–º—ã –≤—ã–±–∏—Ä–∞-
–µ—Ç—Å—è –∏ —Ä–∞—Å—Å—á–∏-
—Ç—ã–≤–∞–µ—Ç—Å—è –∞–≤—Ç–æ–º–∞-
—Ç–∏—á–µ—Å–∫–∏",–í–µ—Å —Ç–æ–≤–∞—Ä–∞ –Ω—É–∂–Ω–æ –≤–≤–µ—Å—Ç–∏ –≤—Ä—É—á–Ω—É—é –¥–ª—è —Ä–∞—Å—á–µ—Ç–∞ —Ü–µ–Ω—ã –ª–æ–≥–∏—Å—Ç–∏–∫–∏,"–°—Ç–æ–∏–º–æ—Å—Ç—å —ç–∫–≤–∞–π—Ä–∏–Ω–≥–∞ —Ä–∞—Å—Å—á–∏—Ç—ã-
–≤–∞–µ—Ç—Å—è –∞–≤—Ç–æ–º–∞—Ç–∏-
—á–µ—Å–∫–∏, –∏—Å—Ö–æ–¥—è –∏–∑ –≤—ã–±–æ—Ä–∞, —Å–¥–µ–ª–∞–Ω–Ω–æ–≥–æ –≤ ¬´‚ñ∂Ô∏è –ò–Ω—Å—Ç—Ä—É–∫—Ü–∏—è¬ª","–°—Ç–æ–∏–º–æ—Å—Ç—å –ü–µ—Ä–µ–≤–æ–¥–∞ –ø–ª–∞—Ç–µ–∂–µ–π –æ—Ç –Ø.–ú–∞—Ä–∫–µ—Ç –≤–∞–º —Ä–∞—Å—Å—á–∏—Ç—ã-
–≤–∞–µ—Ç—Å—è –∞–≤—Ç–æ–º–∞—Ç–∏-
—á–µ—Å–∫–∏, –∏—Å—Ö–æ–¥—è –∏–∑ –≤—ã–±–æ—Ä–∞, —Å–¥–µ–ª–∞–Ω–Ω–æ–≥–æ –≤ ¬´‚öôÔ∏è–ù–∞—Å—Ç—Ä–æ–π–∫–∏¬ª","–¶–µ–Ω–∞ –æ—Ç–≥—Ä—É–∑–∫–∏ 1 –µ–¥–∏–Ω–∏—Ü—ã –∏–ª–∏ –∫–æ–º–ø–ª–µ–∫—Ç–∞ —Ç–æ–≤–∞—Ä–∞ –¥–ª—è FBO –∏/–∏–ª–∏ FBS. –û–±—ã—á–Ω–æ —ç—Ç—É —Ü–µ–Ω—É –æ–ø—Ä–µ–¥–µ–ª—è–µ—Ç —Ñ—É–ª—Ñ–∏–ª–º–µ–Ω—Ç, –æ–Ω–∞ –∫–æ–ª–µ–±–ª–µ—Ç—Å—è –æ—Ç 20 –¥–æ 150 —Ä—É–±–ª–µ–π –∑–∞ –æ–¥–Ω—É –æ—Ç–≥—Ä—É–∑–∫—É.",,"–í—Å–µ –¥–æ–ø–æ–ª–Ω–∏-
—Ç–µ–ª—å–Ω—ã–µ –∑–∞—Ç—Ä–∞—Ç—ã
–¥–ª—è –ø—Ä–æ–¥–∞–∂–∏
‚Äî –Ω–∞ –ª–æ–≥–∏—Å—Ç–∏–∫—É, –¥–∏–∑–∞–π–Ω–µ—Ä–∞, —Ñ–æ—Ç–æ–≥—Ä–∞—Ñ–∞ –∏ –ø—Ä–æ—á–µ–µ
–Ω–∞ –∫–∞–∂–¥—É—é –µ–¥–∏–Ω–∏—Ü—É. –ú–æ–∂–Ω–æ –æ—Å—Ç–∞–≤–∏—Ç—å –Ω–æ–ª—å.","–ü—Ä–µ–¥–ø–æ-
–ª–∞–≥–∞–µ–º—ã–π –∏–ª–∏ —Ñ–∞–∫—Ç–∏-
—á–µ—Å–∫–∏–π –ø—Ä–æ—Ü–µ–Ω—Ç –≤—ã–∫—É–ø–∞","–ü—Ä–µ–¥–ø–æ-
–ª–∞–≥–∞–µ–º—ã–π –∏–ª–∏ —Ñ–∞–∫—Ç–∏-
—á–µ—Å–∫–∏–π –ø—Ä–æ—Ü–µ–Ω—Ç –±—Ä–∞–∫–∞","–ü—Ä–µ–¥–ø–æ-
–ª–∞–≥–∞–µ–º—ã–π –∏–ª–∏ —Ñ–∞–∫—Ç–∏-
—á–µ—Å–∫–∏–π –ø—Ä–æ—Ü–µ–Ω—Ç, –∑–∞–ª–æ–∂–µ–Ω-
–Ω—ã–π –Ω–∞ –≤–µ—Å—å –≤–Ω—É—Ç—Ä–µ–Ω-
–Ω–∏–π –∏ –≤–Ω–µ—à–Ω–∏–π –º–∞—Ä–∫–µ—Ç–∏–Ω–≥","–í—ã–±–æ—Ä –≤–∞—à–µ–≥–æ –ò–ü, –Ω–∞ –æ—Å–Ω–æ–≤–µ –∫–æ—Ç–æ—Ä–æ–≥–æ –±—É–¥–µ—Ç —Å—á–∏—Ç–∞—Ç—å—Å—è –ø—Ä–æ—Ü–µ–Ω—Ç –Ω–∞–ª–æ–≥–∞ –≤ —Å—Ç–æ–ª–±—Ü–µ BH:BH","–í—ã–±–æ—Ä –ø–ª–æ—â–∞–¥–∫–∏,
–¥–ª—è –∫–æ—Ç–æ—Ä–æ–π –¥–µ–ª–∞–µ–º —Ä–∞—Å—á–µ—Ç","–í—ã–±–æ—Ä –Ω–∞–ø—Ä–∞–≤–ª–µ-
–Ω–∏—è, –¥–ª—è –∫–æ—Ç–æ—Ä–æ–≥–æ –¥–µ–ª–∞–µ–º —Ä–∞—Å—á–µ—Ç",–¶–µ–Ω–∞ –∑–∞–∫–∞–∑–∞,–¶–µ–Ω–∞ –ø—Ä–æ–¥–∞–∂–∏,–ü—Ä–æ—Ü–µ–Ω—Ç —Ä–µ–∫–∞–ª–º—ã –≤ –ß–ü,"–ó–∞–¥–∞–π—Ç–µ —Ç—É—Ç –∂–µ–ª–∞–µ–º—ã–π CPO, —á—Ç–æ–±—ã —Å–ø—Ä–∞–≤–∞ –ø–æ–ª—É—á–∏—Ç—å –Ω—É–∂–Ω—ã–π –≤–∞–º –¥–ª—è —ç—Ç–æ–≥–æ –î–†–†",–ü–æ–ª—É—á–∏–≤—à–∏–π—Å—è –î–†–† –∏–∑ –∑–∞–¥–∞–Ω–Ω–æ–≥–æ –ª–µ–≤–µ–µ CPO,–¶–µ–Ω–∞ –ø—Ä–æ–¥–∞–∂–∏ –º–∏–Ω—É—Å CPO,"–ß–∏—Å—Ç–∞—è –ø—Ä–∏–±—ã–ª—å —Å –æ–¥–Ω–æ–π –ø—Ä–æ–¥–∞–∂–∏, —É—á–∏—Ç—ã–≤–∞—è –≤—Å–µ —Ç–µ —Ç—Ä–∞—Ç—ã (–∫–æ—Å—Ç—ã), –∫–æ—Ç–æ—Ä—ã–µ –≤—ã –≤–Ω–µ—Å–ª–∏","–ß–∏—Å—Ç–∞—è –ø—Ä–∏–±—ã–ª—å –≤—Å–µ–π –ø–∞—Ä—Ç–∏–∏, —É–∫–∞–∑–∞–Ω–Ω–æ–π
–≤ K:K","–í—ã—Ä—É—á–∫–∞
–¥–æ –≤—Å–µ—Ö —Ç—Ä–∞—Ç –∏ –∫–æ–º–∏—Å—Å–∏–π –æ—Ç –ø—Ä–æ–¥–∞–∂–∏ –ø–∞—Ä—Ç–∏–∏, —É–∫–∞–∑–∞–Ω–Ω–æ–π
–≤ –ö:–ö","–†–µ–Ω—Ç–∞–±–µ–ª—å–Ω–æ—Å—Ç—å –∏–Ω–≤–µ—Å—Ç–∏—Ü–∏–π (ROI) –∏–ª–∏ –æ—Ç–Ω–æ—à–µ–Ω–∏–µ —á–∏—Å—Ç–æ–π –ø—Ä–∏–±—ã–ª–∏
–∫ —Ä–µ–∞–ª—å–Ω–æ –∑–∞—Ç—Ä–∞—á–µ–Ω–Ω—ã–º –Ω–∞ –ø—Ä–æ–¥–∞–∂—É —Å—Ä–µ–¥—Å—Ç–≤–∞–º","–û—Ç–Ω–æ—à–µ–Ω–∏–µ —á–∏—Å—Ç–æ–π –ø—Ä–∏–±—ã–ª–∏
–æ—Ç –ø—Ä–æ–¥–∞–∂–∏ –∫ —Ü–µ–Ω–µ –¥–æ –°–ü–ü –∏ —Å–æ–∏–Ω–≤–µ—Å—Ç–∞, –ø–æ –∫–æ—Ç–æ—Ä–æ–π —Ç–æ–≤–∞—Ä –±—ã–ª –ø—Ä–æ–¥–∞–Ω","–û—Ç–Ω–æ—à–µ–Ω–∏–µ —á–∏—Å—Ç–æ–π –ø—Ä–∏–±—ã–ª–∏
–æ—Ç –ø—Ä–æ–¥–∞–∂–∏
–∫ –¥–µ–Ω—å–≥–∞–º, –ø—Ä–∏—à–µ–¥—à–∏–º –Ω–∞ —Å—á–µ—Ç –ø–æ—Å–ª–µ –≤—Å–µ—Ö —Ç—Ä–∞—Ç –∏ –∫–æ–º–∏—Å—Å–∏–π –º–∞—Ä–∫–µ—Ç-
–ø–ª–µ–π—Å–æ–≤",,"–û–±–Ω—É–ª—è–µ–º —Ö—Ä–∞–Ω–µ–Ω–∏–µ, –ø–æ—Ç–æ–º—É —á—Ç–æ –Ω–∞ –í–ë –æ–Ω–æ —Å—Ç–∞–ª–æ –±–µ—Å–ª–ø—Ç–∞–Ω—ã–º –¥–æ 60 –¥–Ω–µ–π, –Ω–∞ –û–∑–æ–Ω –∏ –Ø.–º–∞—Ä–∫–µ—Ç –¥–æ 120 –¥–Ω–µ–π.","–†–∞—Å—á–µ—Ç —Ü–µ–Ω—ã –ª–æ–≥–∏—Å-
—Ç–∏–∫–∏",–†–∞—Å—á–µ—Ç —Ü–µ–Ω—ã –¥–æ—Å—Ç–∞–≤–∫–∏ –¥–æ –º–µ—Å—Ç–∞ –≤—ã–¥–∞—á–∏ –Ω–∞ OZON,–†–∞—Å—á–µ—Ç —Ü–µ–Ω—ã —Å—Ä–µ–¥–Ω–µ–π –º–∏–ª–∏ –Ω–∞ –Ø.–ú–∞—Ä–∫–µ—Ç,"–¶–µ–Ω–∞ –æ–±—Ä–∞-
–±–æ—Ç–∫–∏ –≤–æ–∑–≤—Ä–∞—Ç–∞","–¶–µ–Ω–∞ –≤–æ–∑-
–≤—Ä–∞—Ç–∞, —Å —É—á–µ—Ç–æ–º –≤—Å–µ—Ö –¥–æ–ø–æ–ª–Ω–∏-
—Ç–µ–ª—å–Ω—ã—Ö –∑–∞—Ç—Ä–∞—Ç –Ω–∞ –≤–æ–∑–≤—Ä–∞—Ç","–¶–µ–Ω–∞ —Ö—Ä–∞–Ω–µ–Ω–∏—è –∏ –ª–æ–≥–∏—Å-
—Ç–∏–∫–∏ –¥–æ –ø–æ–ª—É—á–µ–Ω–∏—è —Ç–æ–≤–∞—Ä–∞ –∫–ª–∏–µ–Ω—Ç–æ–º","–ö–æ–º–∏—Å-
—Å–∏—è –º–∞—Ä–∫–µ—Ç-
–ø–ª–µ–π—Å–∞","–ò—Ç–æ–≥–æ–≤–∞—è —Å—É–º–º–∞ –≤—Å–µ—Ö —É–¥–µ—Ä–∂–∞-
–Ω–∏–π –º–∞—Ä–∫–µ—Ç-
–ø–ª–µ–π—Å–∞",–†–∞—Å—Å—á–µ—Ç –≤–∞—à–µ–≥–æ –ù–î–°,"–ù–∞–ª–æ–≥, —Ä–∞—Å—Å—á–∏—Ç—ã-
–≤–∞–µ–º—ã–π
–Ω–∞ –æ—Å–Ω–æ–≤–∞–Ω–∏–∏ –¥–∞–Ω–Ω—ã—Ö –≤ ¬´‚ñ∂Ô∏è –ò–Ω—Å—Ç—Ä—É–∫—Ü–∏—è¬ª","–í—Å–µ —Ç—Ä–∞—Ç—ã (–∫–æ—Å—Ç—ã), –±–µ–∑ —É—á–µ—Ç–∞ —Ü–µ–Ω—ã –∑–∞–∫—É–ø–∫–∏ —Ç–æ–≤–∞—Ä–∞","–†–∞—Å—á–µ—Ç —Ä–µ–∞–ª—å–Ω—ã—Ö —Ç—Ä–∞—Ç –¥–æ –ø—Ä–æ–¥–∞–∂–∏ –∏ –ø–æ–ª—É—á–µ-
–Ω–∏—è –≤—ã–ø–ª–∞—Ç
–æ—Ç –º–∞—Ä–∫–µ—Ç-
–ø–ª–µ–π—Å–∞","–†–∞—Å—á–µ—Ç –¥–µ–Ω–µ–≥, —Ç–µ–æ—Ä–µ—Ç–∏-
—á–µ—Å–∫–∏ –ø—Ä–∏—Ö–æ-
–¥—è—â–∏—Ö
–Ω–∞ —Å—á–µ—Ç","–ß–∏—Å—Ç–∞—è –ø—Ä–∏–±—ã–ª—å —Å –æ–¥–Ω–æ–π –ø—Ä–æ–¥–∞–∂–∏, —É—á–∏—Ç—ã–≤–∞—è –≤—Å–µ —Ç–µ —Ç—Ä–∞—Ç—ã (–∫–æ—Å—Ç—ã), –∫–æ—Ç–æ—Ä—ã–µ –≤—ã –≤–Ω–µ—Å–ª–∏"
,FBO,9785855906,FALSE,–ö—Ä–∏—Å—Ç–∏–Ω–∞,,560‚ÇΩ,2¬†905‚ÇΩ,26%,0%,,0,–°–≤–∏—Ç–µ—Ä—ã,"34,50%",,,,,–ú–∞–∫—Å. –∏–∑ –Ω–∞—à–∏—Ö,–ö–æ—Ä–æ–±,"1,17",,,,,0,"0,00 ‚ÇΩ",,,,30,11,31,31,"10,57","9,57",,"64,49",,0‚ÇΩ,0‚ÇΩ,0‚ÇΩ,47%,0%,1%,–ò–ü –ö–æ–ø—ã—Ç–∏–Ω–∞ –ö.–í.,WB,FBO,29‚ÇΩ,62‚ÇΩ,-18%,100‚ÇΩ,3%,2¬†876‚ÇΩ,-335‚ÇΩ,0‚ÇΩ,0‚ÇΩ,"-47,09%","-11,52%","-89,02%",,"0,00","631,78",,,"50,00","710,83","631,78","1¬†002,23","2¬†529,12","0,00","150,48","2¬†679,60","710,48","375,88","-334,60"
‚úÖ,FBO,–ù–∞–∑–≤–∞–Ω–∏–µ —Ç–æ–≤–∞—Ä–∞,TRUE,–ö—Ä–∏—Å—Ç–∏–Ω–∞,–°—Ä–æ—á–Ω–æ –∑–∞–∫—É–ø–∞–µ–º –∏ –ø—Ä–æ–¥–∞–µ–º üí∏,560‚ÇΩ,2¬†905‚ÇΩ,26%,0%,üîí,0,–°–≤–∏—Ç–µ—Ä—ã,"34,50%",üîí,,üîí,,FBS: –ú–∞—Ä–∫–µ—Ç–ø–ª–µ–π—Å: –£—Ä–∞–ª—å—Å–∫–∏–π —Ñ–µ–¥–µ—Ä–∞–ª—å–Ω—ã–π –æ–∫—Ä—É–≥ –°–ì–¢,–ö–æ—Ä–æ–±,"1,17",üîí,üîí,üîí,üîí,0,"0,00 ‚ÇΩ",üîí,üîí,üîí,30,11,31,31,"10,57","9,57",üîí,"64,49",üîí,0‚ÇΩ,0‚ÇΩ,150‚ÇΩ,47%,0%,0%,–ò–ü –ö–æ–ø—ã—Ç–∏–Ω–∞ –ö.–í.,WB,FBO,0‚ÇΩ,0‚ÇΩ,0%,100‚ÇΩ,3%,2¬†905‚ÇΩ,472‚ÇΩ,0‚ÇΩ,0‚ÇΩ,"54,71%","16,24%","35,36%",,"0,00","210,59",üîí,üîí,"50,00","260,59","210,59","1¬†002,23","1¬†571,17","0,00","150,48","1¬†873,33","862,16","1¬†333,83","471,67"
‚úÖ,FBO,–ù–∞–∑–≤–∞–Ω–∏–µ —Ç–æ–≤–∞—Ä–∞,TRUE,–ö—Ä–∏—Å—Ç–∏–Ω–∞,–°—Ä–æ—á–Ω–æ –∑–∞–∫—É–ø–∞–µ–º –∏ –ø—Ä–æ–¥–∞–µ–º üí∏,0‚ÇΩ,1¬†000‚ÇΩ,0%,0%,üîí,0,–õ–æ–ø–∞—Ç–∫–∏ –∏–≥—Ä—É—à–µ—á–Ω—ã–µ,"28,50%",üîí,,üîí,,–ú–∞–∫—Å. –∏–∑ –Ω–∞—à–∏—Ö,–ö–æ—Ä–æ–±,"1,00",üîí,üîí,üîí,üîí,0,"0,00 ‚ÇΩ",üîí,üîí,üîí,60,0,0,0,"0,00","0,00",üîí,"30,00",üîí,0‚ÇΩ,0‚ÇΩ,0‚ÇΩ,100%,3%,0%,–ò–ü –ö–æ–ø—ã—Ç–∏–Ω–∞ –ö.–í.,WB,FBO,0‚ÇΩ,0‚ÇΩ,0%,250‚ÇΩ,25%,1¬†000‚ÇΩ,546‚ÇΩ,0‚ÇΩ,0‚ÇΩ,"780,00%","54,60%","88,64%",,"0,00","69,00",üîí,üîí,"50,00","119,00","69,00","285,00","384,00","0,00","70,00","454,00","70,00","616,00","546,00"
‚úÖ,FBS,–ù–∞–∑–≤–∞–Ω–∏–µ —Ç–æ–≤–∞—Ä–∞,TRUE,–ö—Ä–∏—Å—Ç–∏–Ω–∞,–°—Ä–æ—á–Ω–æ –∑–∞–∫—É–ø–∞–µ–º –∏ –ø—Ä–æ–¥–∞–µ–º üí∏,0‚ÇΩ,1¬†000‚ÇΩ,0%,0%,üîí,0,–õ–æ–ø–∞—Ç–∫–∏ –∏–≥—Ä—É—à–µ—á–Ω—ã–µ,"32,00%",üîí,,üîí,,–°–¶ –û—Ä–µ–Ω–±—É—Ä–≥ –¶–µ–Ω—Ç—Ä–∞–ª—å–Ω–∞—è,–ö–æ—Ä–æ–±,"1,00",üîí,üîí,üîí,üîí,0,"0,00 ‚ÇΩ",üîí,üîí,üîí,30,0,0,0,"0,00","0,00",üîí,"30,00",üîí,0‚ÇΩ,0‚ÇΩ,0‚ÇΩ,100%,0%,0%,–ò–ü –ö–æ–ø—ã—Ç–∏–Ω–∞ –ö.–í.,WB,FBS,0‚ÇΩ,0‚ÇΩ,0%,250‚ÇΩ,25%,1¬†000‚ÇΩ,535‚ÇΩ,0‚ÇΩ,0‚ÇΩ,"764,50%","53,52%","88,43%",,"0,00","44,85",üîí,üîí,"50,00","94,85","44,85","320,00","394,85","0,00","70,00","464,85","70,00","605,15","535,15"
‚úÖ,FBO,–ù–∞–∑–≤–∞–Ω–∏–µ —Ç–æ–≤–∞—Ä–∞,TRUE,–§–ª—é–∑–∞,–°—Ä–æ—á–Ω–æ –∑–∞–∫—É–ø–∞–µ–º –∏ –ø—Ä–æ–¥–∞–µ–º üí∏,146‚ÇΩ,650‚ÇΩ,0%,0%,üîí,0,–ù–∞–∫–ª–∞–¥–Ω—ã–µ —Ä–µ—Å–Ω–∏—Ü—ã,"32,50%",üîí,,üîí,,–≠–ª–µ–∫—Ç—Ä–æ—Å—Ç–∞–ª—å,–ö–æ—Ä–æ–±,"1,00",üîí,üîí,üîí,üîí,0,"0,00 ‚ÇΩ",üîí,üîí,üîí,30,3,16,18,"0,86","0,00",üîí,"13,00",üîí,0‚ÇΩ,0‚ÇΩ,0‚ÇΩ,100%,0%,1%,–∏–ø F,WB,FBO,7‚ÇΩ,7‚ÇΩ,3%,250‚ÇΩ,38%,644‚ÇΩ,193‚ÇΩ,0‚ÇΩ,0‚ÇΩ,"112,12%","29,67%","52,86%",,"0,00","54,40",üîí,üîí,"50,00","110,90","54,40","211,25","285,15","0,00","26,00","311,15","172,00","364,85","192,85"
‚úÖ,FBO,—Ä–µ—Å–Ω–∏—Ü—ã,TRUE,–ò–º—è,–°—Ä–æ—á–Ω–æ –∑–∞–∫—É–ø–∞–µ–º –∏ –ø—Ä–æ–¥–∞–µ–º üí∏,146‚ÇΩ,600‚ÇΩ,0%,0%,üîí,3¬†600,–ù–∞–∫–ª–∞–¥–Ω—ã–µ —Ä–µ—Å–Ω–∏—Ü—ã,"32,50%",üîí,,üîí,,–ö–æ–ª–µ–¥–∏–Ω–æ,–ö–æ—Ä–æ–±,"1,00",üîí,üîí,üîí,üîí,0,"0,00 ‚ÇΩ",üîí,üîí,üîí,30,3,16,18,"0,86","0,00",üîí,"12,00",üîí,0‚ÇΩ,0‚ÇΩ,0‚ÇΩ,95%,0%,1%,–∏–ø Samga,WB,FBO,6‚ÇΩ,6‚ÇΩ,4%,250‚ÇΩ,42%,594‚ÇΩ,146‚ÇΩ,527¬†012‚ÇΩ,2¬†160¬†000‚ÇΩ,"85,97%","24,40%","46,23%",,"0,00","64,00",üîí,üîí,"50,00","120,00","64,00","195,00","283,32","0,00","24,00","307,61","170,29","316,68","146,39"
,FBS,–ù–∞–∑–≤–∞–Ω–∏–µ —Ç–æ–≤–∞—Ä–∞,FALSE,–ò–º—è,,0‚ÇΩ,1¬†000‚ÇΩ,0%,0%,,0,–õ–æ–ø–∞—Ç–∫–∏ –∏–≥—Ä—É—à–µ—á–Ω—ã–µ,"32,00%",,,,,–ú–∞–∫—Å. –∏–∑ –Ω–∞—à–∏—Ö,–ö–æ—Ä–æ–±,"1,00",,,,,0,"0,00 ‚ÇΩ",,,,30,0,0,0,"0,00","0,00",,#N/A,,0‚ÇΩ,0‚ÇΩ,0‚ÇΩ,100%,0%,0%,2 –ë—Ä–µ–Ω–¥,WB,FBS,0‚ÇΩ,0‚ÇΩ,#N/A,250‚ÇΩ,25%,1¬†000‚ÇΩ,#N/A,#N/A,0‚ÇΩ,,,,,"0,00","69,00",,,"50,00","119,00","69,00","320,00",#N/A,#N/A,#N/A,#N/A,#N/A,#N/A,#N/A
,FBS,–ù–∞–∑–≤–∞–Ω–∏–µ —Ç–æ–≤–∞—Ä–∞,FALSE,–ò–º—è,,0‚ÇΩ,1¬†000‚ÇΩ,0%,0%,,0,–õ–æ–ø–∞—Ç–∫–∏ –∏–≥—Ä—É—à–µ—á–Ω—ã–µ,"32,00%",,,,,–ú–∞–∫—Å. –∏–∑ –Ω–∞—à–∏—Ö,–ö–æ—Ä–æ–±,"1,00",,,,,0,"0,00 ‚ÇΩ",,,,30,0,0,0,"0,00","0,00",,#N/A,,0‚ÇΩ,0‚ÇΩ,0‚ÇΩ,100%,0%,0%,2 –ë—Ä–µ–Ω–¥,WB,FBS,0‚ÇΩ,0‚ÇΩ,#N/A,250‚ÇΩ,25%,1¬†000‚ÇΩ,#N/A,#N/A,0‚ÇΩ,,,,,"0,00","69,00",,,"50,00","119,00","69,00","320,00",#N/A,#N/A,#N/A,#N/A,#N/A,#N/A,#N/A
,FBS,–ù–∞–∑–≤–∞–Ω–∏–µ —Ç–æ–≤–∞—Ä–∞,FALSE,–ò–º—è,,0‚ÇΩ,1¬†000‚ÇΩ,0%,0%,,0,–õ–æ–ø–∞—Ç–∫–∏ –∏–≥—Ä—É—à–µ—á–Ω—ã–µ,"32,00%",,,,,–ú–∞–∫—Å. –∏–∑ –Ω–∞—à–∏—Ö,–ö–æ—Ä–æ–±,"1,00",,,,,0,"0,00 ‚ÇΩ",,,,30,0,0,0,"0,00","0,00",,#N/A,,0‚ÇΩ,0‚ÇΩ,0‚ÇΩ,100%,0%,0%,2 –ë—Ä–µ–Ω–¥,WB,FBS,0‚ÇΩ,0‚ÇΩ,#N/A,250‚ÇΩ,25%,1¬†000‚ÇΩ,#N/A,#N/A,0‚ÇΩ,,,,,"0,00","69,00",,,"50,00","119,00","69,00","320,00",#N/A,#N/A,#N/A,#N/A,#N/A,#N/A,#N/A
,FBS,–ù–∞–∑–≤–∞–Ω–∏–µ —Ç–æ–≤–∞—Ä–∞,FALSE,–ò–º—è,,0‚ÇΩ,1¬†000‚ÇΩ,0%,0%,,0,–õ–æ–ø–∞—Ç–∫–∏ –∏–≥—Ä—É—à–µ—á–Ω—ã–µ,"32,00%",,,,,–ú–∞–∫—Å. –∏–∑ –Ω–∞—à–∏—Ö,–ö–æ—Ä–æ–±,"1,00",,,,,0,"0,00 ‚ÇΩ",,,,30,0,0,0,"0,00","0,00",,#N/A,,0‚ÇΩ,0‚ÇΩ,0‚ÇΩ,100%,0%,0%,–ò–ü –ò–≤–∞–Ω–æ–≤ –ò.–ò.,WB,FBS,0‚ÇΩ,0‚ÇΩ,#N/A,250‚ÇΩ,25%,1¬†000‚ÇΩ,#N/A,#N/A,0‚ÇΩ,,,,,"0,00","69,00",,,"50,00","119,00","69,00","320,00",#N/A,#N/A,#N/A,#N/A,#N/A,#N/A,#N/A
,FBS,–ù–∞–∑–≤–∞–Ω–∏–µ —Ç–æ–≤–∞—Ä–∞,FALSE,–ò–º—è,,0‚ÇΩ,1¬†000‚ÇΩ,0%,0%,,0,–õ–æ–ø–∞—Ç–∫–∏ –∏–≥—Ä—É—à–µ—á–Ω—ã–µ,"32,00%",,,,,–ú–∞–∫—Å. –∏–∑ –Ω–∞—à–∏—Ö,–ö–æ—Ä–æ–±,"1,00",,,,,0,"0,00 ‚ÇΩ",,,,30,0,0,0,"0,00","0,00",,#N/A,,0‚ÇΩ,0‚ÇΩ,0‚ÇΩ,100%,0%,0%,–ò–ü –ò–≤–∞–Ω–æ–≤ –ò.–ò.,WB,FBS,0‚ÇΩ,0‚ÇΩ,#N/A,250‚ÇΩ,25%,1¬†000‚ÇΩ,#N/A,#N/A,0‚ÇΩ,,,,,"0,00","69,00",,,"50,00","119,00","69,00","320,00",#N/A,#N/A,#N/A,#N/A,#N/A,#N/A,#N/A
,FBS,–ù–∞–∑–≤–∞–Ω–∏–µ —Ç–æ–≤–∞—Ä–∞,FALSE,–ò–º—è,,0‚ÇΩ,1¬†000‚ÇΩ,0%,0%,,0,–õ–æ–ø–∞—Ç–∫–∏ –∏–≥—Ä—É—à–µ—á–Ω—ã–µ,"32,00%",,,,,–ú–∞–∫—Å. –∏–∑ –Ω–∞—à–∏—Ö,–ö–æ—Ä–æ–±,"1,00",,,,,0,"0,00 ‚ÇΩ",,,,30,0,0,0,"0,00","0,00",,#N/A,,0‚ÇΩ,0‚ÇΩ,0‚ÇΩ,100%,0%,0%,–ò–ü –ò–≤–∞–Ω–æ–≤ –ò.–ò.,WB,FBS,0‚ÇΩ,0‚ÇΩ,#N/A,250‚ÇΩ,25%,1¬†000‚ÇΩ,#N/A,#N/A,0‚ÇΩ,,,,,"0,00","69,00",,,"50,00","119,00","69,00","320,00",#N/A,#N/A,#N/A,#N/A,#N/A,#N/A,#N/A
,FBS,–ù–∞–∑–≤–∞–Ω–∏–µ —Ç–æ–≤–∞—Ä–∞,FALSE,–ò–º—è,,0‚ÇΩ,1¬†000‚ÇΩ,0%,0%,,0,–õ–æ–ø–∞—Ç–∫–∏ –∏–≥—Ä—É—à–µ—á–Ω—ã–µ,"32,00%",,,,,–ú–∞–∫—Å. –∏–∑ –Ω–∞—à–∏—Ö,–ö–æ—Ä–æ–±,"1,00",,,,,0,"0,00 ‚ÇΩ",,,,30,0,0,0,"0,00","0,00",,#N/A,,0‚ÇΩ,0‚ÇΩ,0‚ÇΩ,100%,0%,0%,–ò–ü –ò–≤–∞–Ω–æ–≤ –ò.–ò.,WB,FBS,0‚ÇΩ,0‚ÇΩ,#N/A,250‚ÇΩ,25%,1¬†000‚ÇΩ,#N/A,#N/A,0‚ÇΩ,,,,,"0,00","69,00",,,"50,00","119,00","69,00","320,00",#N/A,#N/A,#N/A,#N/A,#N/A,#N/A,#N/A
,FBS,–ù–∞–∑–≤–∞–Ω–∏–µ —Ç–æ–≤–∞—Ä–∞,FALSE,–ò–º—è,,0‚ÇΩ,1¬†000‚ÇΩ,0%,0%,,0,–õ–æ–ø–∞—Ç–∫–∏ –∏–≥—Ä—É—à–µ—á–Ω—ã–µ,"32,00%",,,,,–ú–∞–∫—Å. –∏–∑ –Ω–∞—à–∏—Ö,–ö–æ—Ä–æ–±,"1,00",,,,,0,"0,00 ‚ÇΩ",,,,30,0,0,0,"0,00","0,00",,#N/A,,0‚ÇΩ,0‚ÇΩ,0‚ÇΩ,100%,0%,0%,–ò–ü –ò–≤–∞–Ω–æ–≤ –ò.–ò.,WB,FBS,0‚ÇΩ,0‚ÇΩ,#N/A,250‚ÇΩ,25%,1¬†000‚ÇΩ,#N/A,#N/A,0‚ÇΩ,,,,,"0,00","69,00",,,"50,00","119,00","69,00","320,00",#N/A,#N/A,#N/A,#N/A,#N/A,#N/A,#N/A
,FBS,–ù–∞–∑–≤–∞–Ω–∏–µ —Ç–æ–≤–∞—Ä–∞,FALSE,–ò–º—è,,0‚ÇΩ,1¬†000‚ÇΩ,0%,0%,,0,–õ–æ–ø–∞—Ç–∫–∏ –∏–≥—Ä—É—à–µ—á–Ω—ã–µ,"32,00%",,,,,–ú–∞–∫—Å. –∏–∑ –Ω–∞—à–∏—Ö,–ö–æ—Ä–æ–±,"1,00",,,,,0,"0,00 ‚ÇΩ",,,,30,0,0,0,"0,00","0,00",,#N/A,,0‚ÇΩ,0‚ÇΩ,0‚ÇΩ,100%,0%,0%,–ò–ü –ò–≤–∞–Ω–æ–≤ –ò.–ò.,WB,FBS,0‚ÇΩ,0‚ÇΩ,#N/A,250‚ÇΩ,25%,1¬†000‚ÇΩ,#N/A,#N/A,0‚ÇΩ,,,,,"0,00","69,00",,,"50,00","119,00","69,00","320,00",#N/A,#N/A,#N/A,#N/A,#N/A,#N/A,#N/A
,FBS,–ù–∞–∑–≤–∞–Ω–∏–µ —Ç–æ–≤–∞—Ä–∞,FALSE,–ò–º—è,,0‚ÇΩ,1¬†000‚ÇΩ,0%,0%,,0,–õ–æ–ø–∞—Ç–∫–∏ –∏–≥—Ä—É—à–µ—á–Ω—ã–µ,"32,00%",,,,,–ú–∞–∫—Å. –∏–∑ –Ω–∞—à–∏—Ö,–ö–æ—Ä–æ–±,"1,00",,,,,0,"0,00 ‚ÇΩ",,,,30,0,0,0,"0,00","0,00",,#N/A,,0‚ÇΩ,0‚ÇΩ,0‚ÇΩ,100%,0%,0%,–ò–ü –ò–≤–∞–Ω–æ–≤ –ò.–ò.,WB,FBS,0‚ÇΩ,0‚ÇΩ,#N/A,250‚ÇΩ,25%,1¬†000‚ÇΩ,#N/A,#N/A,0‚ÇΩ,,,,,"0,00","69,00",,,"50,00","119,00","69,00","320,00",#N/A,#N/A,#N/A,#N/A,#N/A,#N/A,#N/A
,FBS,–ù–∞–∑–≤–∞–Ω–∏–µ —Ç–æ–≤–∞—Ä–∞,FALSE,–ò–º—è,,0‚ÇΩ,1¬†000‚ÇΩ,0%,0%,,0,–õ–æ–ø–∞—Ç–∫–∏ –∏–≥—Ä—É—à–µ—á–Ω—ã–µ,"32,00%",,,,,–ú–∞–∫—Å. –∏–∑ –Ω–∞—à–∏—Ö,–ö–æ—Ä–æ–±,"1,00",,,,,0,"0,00 ‚ÇΩ",,,,30,0,0,0,"0,00","0,00",,#N/A,,0‚ÇΩ,0‚ÇΩ,0‚ÇΩ,100%,0%,0%,–ò–ü –ò–≤–∞–Ω–æ–≤ –ò.–ò.,WB,FBS,0‚ÇΩ,0‚ÇΩ,#N/A,250‚ÇΩ,25%,1¬†000‚ÇΩ,#N/A,#N/A,0‚ÇΩ,,,,,"0,00","69,00",,,"50,00","119,00","69,00","320,00",#N/A,#N/A,#N/A,#N/A,#N/A,#N/A,#N/A
,FBS,–ù–∞–∑–≤–∞–Ω–∏–µ —Ç–æ–≤–∞—Ä–∞,FALSE,–ò–º—è,,0‚ÇΩ,1¬†000‚ÇΩ,0%,0%,,0,–õ–æ–ø–∞—Ç–∫–∏ –∏–≥—Ä—É—à–µ—á–Ω—ã–µ,"32,00%",,,,,–ú–∞–∫—Å. –∏–∑ –Ω–∞—à–∏—Ö,–ö–æ—Ä–æ–±,"1,00",,,,,0,"0,00 ‚ÇΩ",,,,30,0,0,0,"0,00","0,00",,#N/A,,0‚ÇΩ,0‚ÇΩ,0‚ÇΩ,100%,0%,0%,–ò–ü –ò–≤–∞–Ω–æ–≤ –ò.–ò.,WB,FBS,0‚ÇΩ,0‚ÇΩ,#N/A,250‚ÇΩ,25%,1¬†000‚ÇΩ,#N/A,#N/A,0‚ÇΩ,,,,,"0,00","69,00",,,"50,00","119,00","69,00","320,00",#N/A,#N/A,#N/A,#N/A,#N/A,#N/A,#N/A
,FBS,–ù–∞–∑–≤–∞–Ω–∏–µ —Ç–æ–≤–∞—Ä–∞,FALSE,–ò–º—è,,0‚ÇΩ,1¬†000‚ÇΩ,0%,0%,,0,–õ–æ–ø–∞—Ç–∫–∏ –∏–≥—Ä—É—à–µ—á–Ω—ã–µ,"32,00%",,,,,–ú–∞–∫—Å. –∏–∑ –Ω–∞—à–∏—Ö,–ö–æ—Ä–æ–±,"1,00",,,,,0,"0,00 ‚ÇΩ",,,,30,0,0,0,"0,00","0,00",,#N/A,,0‚ÇΩ,0‚ÇΩ,0‚ÇΩ,100%,0%,0%,–ò–ü –ò–≤–∞–Ω–æ–≤ –ò.–ò.,WB,FBS,0‚ÇΩ,0‚ÇΩ,#N/A,250‚ÇΩ,25%,1¬†000‚ÇΩ,#N/A,#N/A,0‚ÇΩ,,,,,"0,00","69,00",,,"50,00","119,00","69,00","320,00",#N/A,#N/A,#N/A,#N/A,#N/A,#N/A,#N/A
,FBS,–ù–∞–∑–≤–∞–Ω–∏–µ —Ç–æ–≤–∞—Ä–∞,FALSE,–ò–º—è,,0‚ÇΩ,1¬†000‚ÇΩ,0%,0%,,0,–õ–æ–ø–∞—Ç–∫–∏ –∏–≥—Ä—É—à–µ—á–Ω—ã–µ,"32,00%",,,,,–ú–∞–∫—Å. –∏–∑ –Ω–∞—à–∏—Ö,–ö–æ—Ä–æ–±,"1,00",,,,,0,"0,00 ‚ÇΩ",,,,30,0,0,0,"0,00","0,00",,#N/A,,0‚ÇΩ,0‚ÇΩ,0‚ÇΩ,100%,0%,0%,–ò–ü –ò–≤–∞–Ω–æ–≤ –ò.–ò.,WB,FBS,0‚ÇΩ,0‚ÇΩ,#N/A,250‚ÇΩ,25%,1¬†000‚ÇΩ,#N/A,#N/A,0‚ÇΩ,,,,,"0,00","69,00",,,"50,00","119,00","69,00","320,00",#N/A,#N/A,#N/A,#N/A,#N/A,#N/A,#N/A
,FBS,–ù–∞–∑–≤–∞–Ω–∏–µ —Ç–æ–≤–∞—Ä–∞,FALSE,–ò–º—è,,0‚ÇΩ,1¬†000‚ÇΩ,0%,0%,,0,–õ–æ–ø–∞—Ç–∫–∏ –∏–≥—Ä—É—à–µ—á–Ω—ã–µ,"32,00%",,,,,–ú–∞–∫—Å. –∏–∑ –Ω–∞—à–∏—Ö,–ö–æ—Ä–æ–±,"1,00",,,,,0,"0,00 ‚ÇΩ",,,,30,0,0,0,"0,00","0,00",,#N/A,,0‚ÇΩ,0‚ÇΩ,0‚ÇΩ,100%,0%,0%,–ò–ü –ò–≤–∞–Ω–æ–≤ –ò.–ò.,WB,FBS,0‚ÇΩ,0‚ÇΩ,#N/A,250‚ÇΩ,25%,1¬†000‚ÇΩ,#N/A,#N/A,0‚ÇΩ,,,,,"0,00","69,00",,,"50,00","119,00","69,00","320,00",#N/A,#N/A,#N/A,#N/A,#N/A,#N/A,#N/A
,FBS,–ù–∞–∑–≤–∞–Ω–∏–µ —Ç–æ–≤–∞—Ä–∞,FALSE,–ò–º—è,,0‚ÇΩ,1¬†000‚ÇΩ,0%,0%,,0,–õ–æ–ø–∞—Ç–∫–∏ –∏–≥—Ä—É—à–µ—á–Ω—ã–µ,"32,00%",,,,,–ú–∞–∫—Å. –∏–∑ –Ω–∞—à–∏—Ö,–ö–æ—Ä–æ–±,"1,00",,,,,0,"0,00 ‚ÇΩ",,,,30,0,0,0,"0,00","0,00",,#N/A,,0‚ÇΩ,0‚ÇΩ,0‚ÇΩ,100%,0%,0%,–ò–ü –ò–≤–∞–Ω–æ–≤ –ò.–ò.,WB,FBS,0‚ÇΩ,0‚ÇΩ,#N/A,250‚ÇΩ,25%,1¬†000‚ÇΩ,#N/A,#N/A,0‚ÇΩ,,,,,"0,00","69,00",,,"50,00","119,00","69,00","320,00",#N/A,#N/A,#N/A,#N/A,#N/A,#N/A,#N/A
,FBS,–ù–∞–∑–≤–∞–Ω–∏–µ —Ç–æ–≤–∞—Ä–∞,FALSE,–ò–º—è,,0‚ÇΩ,1¬†000‚ÇΩ,0%,0%,,0,–õ–æ–ø–∞—Ç–∫–∏ –∏–≥—Ä—É—à–µ—á–Ω—ã–µ,"32,00%",,,,,–ú–∞–∫—Å. –∏–∑ –Ω–∞—à–∏—Ö,–ö–æ—Ä–æ–±,"1,00",,,,,0,"0,00 ‚ÇΩ",,,,30,0,0,0,"0,00","0,00",,#N/A,,0‚ÇΩ,0‚ÇΩ,0‚ÇΩ,100%,0%,0%,–ò–ü –ò–≤–∞–Ω–æ–≤ –ò.–ò.,WB,FBS,0‚ÇΩ,0‚ÇΩ,#N/A,250‚ÇΩ,25%,1¬†000‚ÇΩ,#N/A,#N/A,0‚ÇΩ,,,,,"0,00","69,00",,,"50,00","119,00","69,00","320,00",#N/A,#N/A,#N/A,#N/A,#N/A,#N/A,#N/A
,FBS,–ù–∞–∑–≤–∞–Ω–∏–µ —Ç–æ–≤–∞—Ä–∞,FALSE,–ò–º—è,,0‚ÇΩ,1¬†000‚ÇΩ,0%,0%,,0,–õ–æ–ø–∞—Ç–∫–∏ –∏–≥—Ä—É—à–µ—á–Ω—ã–µ,"32,00%",,,,,–ú–∞–∫—Å. –∏–∑ –Ω–∞—à–∏—Ö,–ö–æ—Ä–æ–±,"1,00",,,,,0,"0,00 ‚ÇΩ",,,,30,0,0,0,"0,00","0,00",,#N/A,,0‚ÇΩ,0‚ÇΩ,0‚ÇΩ,100%,0%,0%,–ò–ü –ò–≤–∞–Ω–æ–≤ –ò.–ò.,WB,FBS,0‚ÇΩ,0‚ÇΩ,#N/A,250‚ÇΩ,25%,1¬†000‚ÇΩ,#N/A,#N/A,0‚ÇΩ,,,,,"0,00","69,00",,,"50,00","119,00","69,00","320,00",#N/A,#N/A,#N/A,#N/A,#N/A,#N/A,#N/A
,FBS,–ù–∞–∑–≤–∞–Ω–∏–µ —Ç–æ–≤–∞—Ä–∞,FALSE,–ò–º—è,,0‚ÇΩ,1¬†000‚ÇΩ,0%,0%,,0,–õ–æ–ø–∞—Ç–∫–∏ –∏–≥—Ä—É—à–µ—á–Ω—ã–µ,"32,00%",,,,,–ú–∞–∫—Å. –∏–∑ –Ω–∞—à–∏—Ö,–ö–æ—Ä–æ–±,"1,00",,,,,0,"0,00 ‚ÇΩ",,,,30,0,0,0,"0,00","0,00",,#N/A,,0‚ÇΩ,0‚ÇΩ,0‚ÇΩ,100%,0%,0%,–ò–ü –ò–≤–∞–Ω–æ–≤ –ò.–ò.,WB,FBS,0‚ÇΩ,0‚ÇΩ,#N/A,250‚ÇΩ,25%,1¬†000‚ÇΩ,#N/A,#N/A,0‚ÇΩ,,,,,"0,00","69,00",,,"50,00","119,00","69,00","320,00",#N/A,#N/A,#N/A,#N/A,#N/A,#N/A,#N/A
,FBS,–ù–∞–∑–≤–∞–Ω–∏–µ —Ç–æ–≤–∞—Ä–∞,FALSE,–ò–º—è,,0‚ÇΩ,1¬†000‚ÇΩ,0%,0%,,0,–õ–æ–ø–∞—Ç–∫–∏ –∏–≥—Ä—É—à–µ—á–Ω—ã–µ,"32,00%",,,,,–ú–∞–∫—Å. –∏–∑ –Ω–∞—à–∏—Ö,–ö–æ—Ä–æ–±,"1,00",,,,,0,"0,00 ‚ÇΩ",,,,30,0,0,0,"0,00","0,00",,#N/A,,0‚ÇΩ,0‚ÇΩ,0‚ÇΩ,100%,0%,0%,–ò–ü –ò–≤–∞–Ω–æ–≤ –ò.–ò.,WB,FBS,0‚ÇΩ,0‚ÇΩ,#N/A,250‚ÇΩ,25%,1¬†000‚ÇΩ,#N/A,#N/A,0‚ÇΩ,,,,,"0,00","69,00",,,"50,00","119,00","69,00","320,00",#N/A,#N/A,#N/A,#N/A,#N/A,#N/A,#N/A
,FBS,–ù–∞–∑–≤–∞–Ω–∏–µ —Ç–æ–≤–∞—Ä–∞,FALSE,–ò–º—è,,0‚ÇΩ,1¬†000‚ÇΩ,0%,0%,,0,–õ–æ–ø–∞—Ç–∫–∏ –∏–≥—Ä—É—à–µ—á–Ω—ã–µ,"32,00%",,,,,–ú–∞–∫—Å. –∏–∑ –Ω–∞—à–∏—Ö,–ö–æ—Ä–æ–±,"1,00",,,,,0,"0,00 ‚ÇΩ",,,,30,0,0,0,"0,00","0,00",,#N/A,,0‚ÇΩ,0‚ÇΩ,0‚ÇΩ,100%,0%,0%,–ò–ü –ò–≤–∞–Ω–æ–≤ –ò.–ò.,WB,FBS,0‚ÇΩ,0‚ÇΩ,#N/A,250‚ÇΩ,25%,1¬†000‚ÇΩ,#N/A,#N/A,0‚ÇΩ,,,,,"0,00","69,00",,,"50,00","119,00","69,00","320,00",#N/A,#N/A,#N/A,#N/A,#N/A,#N/A,#N/A
,FBS,–ù–∞–∑–≤–∞–Ω–∏–µ —Ç–æ–≤–∞—Ä–∞,FALSE,–ò–º—è,,0‚ÇΩ,1¬†000‚ÇΩ,0%,0%,,0,–õ–æ–ø–∞—Ç–∫–∏ –∏–≥—Ä—É—à–µ—á–Ω—ã–µ,"32,00%",,,,,–ú–∞–∫—Å. –∏–∑ –Ω–∞—à–∏—Ö,–ö–æ—Ä–æ–±,"1,00",,,,,0,"0,00 ‚ÇΩ",,,,30,0,0,0,"0,00","0,00",,#N/A,,0‚ÇΩ,0‚ÇΩ,0‚ÇΩ,100%,0%,0%,–ò–ü –ò–≤–∞–Ω–æ–≤ –ò.–ò.,WB,FBS,0‚ÇΩ,0‚ÇΩ,#N/A,250‚ÇΩ,25%,1¬†000‚ÇΩ,#N/A,#N/A,0‚ÇΩ,,,,,"0,00","69,00",,,"50,00","119,00","69,00","320,00",#N/A,#N/A,#N/A,#N/A,#N/A,#N/A,#N/A
,FBS,–ù–∞–∑–≤–∞–Ω–∏–µ —Ç–æ–≤–∞—Ä–∞,FALSE,–ò–º—è,,0‚ÇΩ,1¬†000‚ÇΩ,0%,0%,,0,–õ–æ–ø–∞—Ç–∫–∏ –∏–≥—Ä—É—à–µ—á–Ω—ã–µ,"32,00%",,,,,–ú–∞–∫—Å. –∏–∑ –Ω–∞—à–∏—Ö,–ö–æ—Ä–æ–±,"1,00",,,,,0,"0,00 ‚ÇΩ",,,,30,0,0,0,"0,00","0,00",,#N/A,,0‚ÇΩ,0‚ÇΩ,0‚ÇΩ,100%,0%,0%,–ò–ü –ò–≤–∞–Ω–æ–≤ –ò.–ò.,WB,FBS,0‚ÇΩ,0‚ÇΩ,#N/A,250‚ÇΩ,25%,1¬†000‚ÇΩ,#N/A,#N/A,0‚ÇΩ,,,,,"0,00","69,00",,,"50,00","119,00","69,00","320,00",#N/A,#N/A,#N/A,#N/A,#N/A,#N/A,#N/A
,FBS,–ù–∞–∑–≤–∞–Ω–∏–µ —Ç–æ–≤–∞—Ä–∞,FALSE,–ò–º—è,,0‚ÇΩ,1¬†000‚ÇΩ,0%,0%,,0,–õ–æ–ø–∞—Ç–∫–∏ –∏–≥—Ä—É—à–µ—á–Ω—ã–µ,"32,00%",,,,,–ú–∞–∫—Å. –∏–∑ –Ω–∞—à–∏—Ö,–ö–æ—Ä–æ–±,"1,00",,,,,0,"0,00 ‚ÇΩ",,,,30,0,0,0,"0,00","0,00",,#N/A,,0‚ÇΩ,0‚ÇΩ,0‚ÇΩ,100%,0%,0%,–ò–ü –ò–≤–∞–Ω–æ–≤ –ò.–ò.,WB,FBS,0‚ÇΩ,0‚ÇΩ,#N/A,250‚ÇΩ,25%,1¬†000‚ÇΩ,#N/A,#N/A,0‚ÇΩ,,,,,"0,00","69,00",,,"50,00","119,00","69,00","320,00",#N/A,#N/A,#N/A,#N/A,#N/A,#N/A,#N/A
,FBS,–ù–∞–∑–≤–∞–Ω–∏–µ —Ç–æ–≤–∞—Ä–∞,FALSE,–ò–º—è,,0‚ÇΩ,1¬†000‚ÇΩ,0%,0%,,0,–õ–æ–ø–∞—Ç–∫–∏ –∏–≥—Ä—É—à–µ—á–Ω—ã–µ,"32,00%",,,,,–ú–∞–∫—Å. –∏–∑ –Ω–∞—à–∏—Ö,–ö–æ—Ä–æ–±,"1,00",,,,,0,"0,00 ‚ÇΩ",,,,30,0,0,0,"0,00","0,00",,#N/A,,0‚ÇΩ,0‚ÇΩ,0‚ÇΩ,100%,0%,0%,–ò–ü –ò–≤–∞–Ω–æ–≤ –ò.–ò.,WB,FBS,0‚ÇΩ,0‚ÇΩ,#N/A,250‚ÇΩ,25%,1¬†000‚ÇΩ,#N/A,#N/A,0‚ÇΩ,,,,,"0,00","69,00",,,"50,00","119,00","69,00","320,00",#N/A,#N/A,#N/A,#N/A,#N/A,#N/A,#N/A
,FBS,–ù–∞–∑–≤–∞–Ω–∏–µ —Ç–æ–≤–∞—Ä–∞,FALSE,–ò–º—è,,0‚ÇΩ,1¬†000‚ÇΩ,0%,0%,,0,–õ–æ–ø–∞—Ç–∫–∏ –∏–≥—Ä—É—à–µ—á–Ω—ã–µ,"32,00%",,,,,–ú–∞–∫—Å. –∏–∑ –Ω–∞—à–∏—Ö,–ö–æ—Ä–æ–±,"1,00",,,,,0,"0,00 ‚ÇΩ",,,,30,0,0,0,"0,00","0,00",,#N/A,,0‚ÇΩ,0‚ÇΩ,0‚ÇΩ,100%,0%,0%,–ò–ü –ò–≤–∞–Ω–æ–≤ –ò.–ò.,WB,FBS,0‚ÇΩ,0‚ÇΩ,#N/A,250‚ÇΩ,25%,1¬†000‚ÇΩ,#N/A,#N/A,0‚ÇΩ,,,,,"0,00","69,00",,,"50,00","119,00","69,00","320,00",#N/A,#N/A,#N/A,#N/A,#N/A,#N/A,#N/A
,FBS,–ù–∞–∑–≤–∞–Ω–∏–µ —Ç–æ–≤–∞—Ä–∞,FALSE,–ò–º—è,,0‚ÇΩ,1¬†000‚ÇΩ,0%,0%,,0,–õ–æ–ø–∞—Ç–∫–∏ –∏–≥—Ä—É—à–µ—á–Ω—ã–µ,"32,00%",,,,,–ú–∞–∫—Å. –∏–∑ –Ω–∞—à–∏—Ö,–ö–æ—Ä–æ–±,"1,00",,,,,0,"0,00 ‚ÇΩ",,,,30,0,0,0,"0,00","0,00",,#N/A,,0‚ÇΩ,0‚ÇΩ,0‚ÇΩ,100%,0%,0%,–ò–ü –ò–≤–∞–Ω–æ–≤ –ò.–ò.,WB,FBS,0‚ÇΩ,0‚ÇΩ,#N/A,250‚ÇΩ,25%,1¬†000‚ÇΩ,#N/A,#N/A,0‚ÇΩ,,,,,"0,00","69,00",,,"50,00","119,00","69,00","320,00",#N/A,#N/A,#N/A,#N/A,#N/A,#N/A,#N/A
,FBS,–ù–∞–∑–≤–∞–Ω–∏–µ —Ç–æ–≤–∞—Ä–∞,FALSE,–ò–º—è,,0‚ÇΩ,1¬†000‚ÇΩ,0%,0%,,0,–õ–æ–ø–∞—Ç–∫–∏ –∏–≥—Ä—É—à–µ—á–Ω—ã–µ,"32,00%",,,,,–ú–∞–∫—Å. –∏–∑ –Ω–∞—à–∏—Ö,–ö–æ—Ä–æ–±,"1,00",,,,,0,"0,00 ‚ÇΩ",,,,30,0,0,0,"0,00","0,00",,#N/A,,0‚ÇΩ,0‚ÇΩ,0‚ÇΩ,100%,0%,0%,–ò–ü –ò–≤–∞–Ω–æ–≤ –ò.–ò.,WB,FBS,0‚ÇΩ,0‚ÇΩ,#N/A,250‚ÇΩ,25%,1¬†000‚ÇΩ,#N/A,#N/A,0‚ÇΩ,,,,,"0,00","69,00",,,"50,00","119,00","69,00","320,00",#N/A,#N/A,#N/A,#N/A,#N/A,#N/A,#N/A
,FBS,–ù–∞–∑–≤–∞–Ω–∏–µ —Ç–æ–≤–∞—Ä–∞,FALSE,–ò–º—è,,0‚ÇΩ,1¬†000‚ÇΩ,0%,0%,,0,–õ–æ–ø–∞—Ç–∫–∏ –∏–≥—Ä—É—à–µ—á–Ω—ã–µ,"32,00%",,,,,–ú–∞–∫—Å. –∏–∑ –Ω–∞—à–∏—Ö,–ö–æ—Ä–æ–±,"1,00",,,,,0,"0,00 ‚ÇΩ",,,,30,0,0,0,"0,00","0,00",,#N/A,,0‚ÇΩ,0‚ÇΩ,0‚ÇΩ,100%,0%,0%,–ò–ü –ò–≤–∞–Ω–æ–≤ –ò.–ò.,WB,FBS,0‚ÇΩ,0‚ÇΩ,#N/A,250‚ÇΩ,25%,1¬†000‚ÇΩ,#N/A,#N/A,0‚ÇΩ,,,,,"0,00","69,00",,,"50,00","119,00","69,00","320,00",#N/A,#N/A,#N/A,#N/A,#N/A,#N/A,#N/A
,FBS,–ù–∞–∑–≤–∞–Ω–∏–µ —Ç–æ–≤–∞—Ä–∞,FALSE,–ò–º—è,,0‚ÇΩ,1¬†000‚ÇΩ,0%,0%,,0,–õ–æ–ø–∞—Ç–∫–∏ –∏–≥—Ä—É—à–µ—á–Ω—ã–µ,"32,00%",,,,,–ú–∞–∫—Å. –∏–∑ –Ω–∞—à–∏—Ö,–ö–æ—Ä–æ–±,"1,00",,,,,0,"0,00 ‚ÇΩ",,,,30,0,0,0,"0,00","0,00",,#N/A,,0‚ÇΩ,0‚ÇΩ,0‚ÇΩ,100%,0%,0%,–ò–ü –ò–≤–∞–Ω–æ–≤ –ò.–ò.,WB,FBS,0‚ÇΩ,0‚ÇΩ,#N/A,250‚ÇΩ,25%,1¬†000‚ÇΩ,#N/A,#N/A,0‚ÇΩ,,,,,"0,00","69,00",,,"50,00","119,00","69,00","320,00",#N/A,#N/A,#N/A,#N/A,#N/A,#N/A,#N/A
,FBS,–ù–∞–∑–≤–∞–Ω–∏–µ —Ç–æ–≤–∞—Ä–∞,FALSE,–ò–º—è,,0‚ÇΩ,1¬†000‚ÇΩ,0%,0%,,0,–õ–æ–ø–∞—Ç–∫–∏ –∏–≥—Ä—É—à–µ—á–Ω—ã–µ,"32,00%",,,,,–ú–∞–∫—Å. –∏–∑ –Ω–∞—à–∏—Ö,–ö–æ—Ä–æ–±,"1,00",,,,,0,"0,00 ‚ÇΩ",,,,30,0,0,0,"0,00","0,00",,#N/A,,0‚ÇΩ,0‚ÇΩ,0‚ÇΩ,100%,0%,0%,–ò–ü –ò–≤–∞–Ω–æ–≤ –ò.–ò.,WB,FBS,0‚ÇΩ,0‚ÇΩ,#N/A,250‚ÇΩ,25%,1¬†000‚ÇΩ,#N/A,#N/A,0‚ÇΩ,,,,,"0,00","69,00",,,"50,00","119,00","69,00","320,00",#N/A,#N/A,#N/A,#N/A,#N/A,#N/A,#N/A
,FBS,–ù–∞–∑–≤–∞–Ω–∏–µ —Ç–æ–≤–∞—Ä–∞,FALSE,–ò–º—è,,0‚ÇΩ,1¬†000‚ÇΩ,0%,0%,,0,–õ–æ–ø–∞—Ç–∫–∏ –∏–≥—Ä—É—à–µ—á–Ω—ã–µ,"32,00%",,,,,–ú–∞–∫—Å. –∏–∑ –Ω–∞—à–∏—Ö,–ö–æ—Ä–æ–±,"1,00",,,,,0,"0,00 ‚ÇΩ",,,,30,0,0,0,"0,00","0,00",,#N/A,,0‚ÇΩ,0‚ÇΩ,0‚ÇΩ,100%,0%,0%,–ò–ü –ò–≤–∞–Ω–æ–≤ –ò.–ò.,WB,FBS,0‚ÇΩ,0‚ÇΩ,#N/A,250‚ÇΩ,25%,1¬†000‚ÇΩ,#N/A,#N/A,0‚ÇΩ,,,,,"0,00","69,00",,,"50,00","119,00","69,00","320,00",#N/A,#N/A,#N/A,#N/A,#N/A,#N/A,#N/A
,FBS,–ù–∞–∑–≤–∞–Ω–∏–µ —Ç–æ–≤–∞—Ä–∞,FALSE,–ò–º—è,,0‚ÇΩ,1¬†000‚ÇΩ,0%,0%,,0,–õ–æ–ø–∞—Ç–∫–∏ –∏–≥—Ä—É—à–µ—á–Ω—ã–µ,"32,00%",,,,,–ú–∞–∫—Å. –∏–∑ –Ω–∞—à–∏—Ö,–ö–æ—Ä–æ–±,"1,00",,,,,0,"0,00 ‚ÇΩ",,,,30,0,0,0,"0,00","0,00",,#N/A,,0‚ÇΩ,0‚ÇΩ,0‚ÇΩ,100%,0%,0%,–ò–ü –ò–≤–∞–Ω–æ–≤ –ò.–ò.,WB,FBS,0‚ÇΩ,0‚ÇΩ,#N/A,250‚ÇΩ,25%,1¬†000‚ÇΩ,#N/A,#N/A,0‚ÇΩ,,,,,"0,00","69,00",,,"50,00","119,00","69,00","320,00",#N/A,#N/A,#N/A,#N/A,#N/A,#N/A,#N/A
,FBS,–ù–∞–∑–≤–∞–Ω–∏–µ —Ç–æ–≤–∞—Ä–∞,FALSE,–ò–º—è,,0‚ÇΩ,1¬†000‚ÇΩ,0%,0%,,0,–õ–æ–ø–∞—Ç–∫–∏ –∏–≥—Ä—É—à–µ—á–Ω—ã–µ,"32,00%",,,,,–ú–∞–∫—Å. –∏–∑ –Ω–∞—à–∏—Ö,–ö–æ—Ä–æ–±,"1,00",,,,,0,"0,00 ‚ÇΩ",,,,30,0,0,0,"0,00","0,00",,#N/A,,0‚ÇΩ,0‚ÇΩ,0‚ÇΩ,100%,0%,0%,–ò–ü –ò–≤–∞–Ω–æ–≤ –ò.–ò.,WB,FBS,0‚ÇΩ,0‚ÇΩ,#N/A,250‚ÇΩ,25%,1¬†000‚ÇΩ,#N/A,#N/A,0‚ÇΩ,,,,,"0,00","69,00",,,"50,00","119,00","69,00","320,00",#N/A,#N/A,#N/A,#N/A,#N/A,#N/A,#N/A
,FBS,–ù–∞–∑–≤–∞–Ω–∏–µ —Ç–æ–≤–∞—Ä–∞,FALSE,–ò–º—è,,0‚ÇΩ,1¬†000‚ÇΩ,0%,0%,,0,–õ–æ–ø–∞—Ç–∫–∏ –∏–≥—Ä—É—à–µ—á–Ω—ã–µ,"32,00%",,,,,–ú–∞–∫—Å. –∏–∑ –Ω–∞—à–∏—Ö,–ö–æ—Ä–æ–±,"1,00",,,,,0,"0,00 ‚ÇΩ",,,,30,0,0,0,"0,00","0,00",,#N/A,,0‚ÇΩ,0‚ÇΩ,0‚ÇΩ,100%,0%,0%,–ò–ü –ò–≤–∞–Ω–æ–≤ –ò.–ò.,WB,FBS,0‚ÇΩ,0‚ÇΩ,#N/A,250‚ÇΩ,25%,1¬†000‚ÇΩ,#N/A,#N/A,0‚ÇΩ,,,,,"0,00","69,00",,,"50,00","119,00","69,00","320,00",#N/A,#N/A,#N/A,#N/A,#N/A,#N/A,#N/A
,FBS,–ù–∞–∑–≤–∞–Ω–∏–µ —Ç–æ–≤–∞—Ä–∞,FALSE,–ò–º—è,,0‚ÇΩ,1¬†000‚ÇΩ,0%,0%,,0,–õ–æ–ø–∞—Ç–∫–∏ –∏–≥—Ä—É—à–µ—á–Ω—ã–µ,"32,00%",,,,,–ú–∞–∫—Å. –∏–∑ –Ω–∞—à–∏—Ö,–ö–æ—Ä–æ–±,"1,00",,,,,0,"0,00 ‚ÇΩ",,,,30,0,0,0,"0,00","0,00",,#N/A,,0‚ÇΩ,0‚ÇΩ,0‚ÇΩ,100%,0%,0%,–ò–ü –ò–≤–∞–Ω–æ–≤ –ò.–ò.,WB,FBS,0‚ÇΩ,0‚ÇΩ,#N/A,250‚ÇΩ,25%,1¬†000‚ÇΩ,#N/A,#N/A,0‚ÇΩ,,,,,"0,00","69,00",,,"50,00","119,00","69,00","320,00",#N/A,#N/A,#N/A,#N/A,#N/A,#N/A,#N/A
,FBS,–ù–∞–∑–≤–∞–Ω–∏–µ —Ç–æ–≤–∞—Ä–∞,FALSE,–ò–º—è,,0‚ÇΩ,1¬†000‚ÇΩ,0%,0%,,0,–õ–æ–ø–∞—Ç–∫–∏ –∏–≥—Ä—É—à–µ—á–Ω—ã–µ,"32,00%",,,,,–ú–∞–∫—Å. –∏–∑ –Ω–∞—à–∏—Ö,–ö–æ—Ä–æ–±,"1,00",,,,,0,"0,00 ‚ÇΩ",,,,30,0,0,0,"0,00","0,00",,#N/A,,0‚ÇΩ,0‚ÇΩ,0‚ÇΩ,100%,0%,0%,–ò–ü –ò–≤–∞–Ω–æ–≤ –ò.–ò.,WB,FBS,0‚ÇΩ,0‚ÇΩ,#N/A,250‚ÇΩ,25%,1¬†000‚ÇΩ,#N/A,#N/A,0‚ÇΩ,,,,,"0,00","69,00",,,"50,00","119,00","69,00","320,00",#N/A,#N/A,#N/A,#N/A,#N/A,#N/A,#N/A
,FBS,–ù–∞–∑–≤–∞–Ω–∏–µ —Ç–æ–≤–∞—Ä–∞,FALSE,–ò–º—è,,0‚ÇΩ,1¬†000‚ÇΩ,0%,0%,,0,–õ–æ–ø–∞—Ç–∫–∏ –∏–≥—Ä—É—à–µ—á–Ω—ã–µ,"32,00%",,,,,–ú–∞–∫—Å. –∏–∑ –Ω–∞—à–∏—Ö,–ö–æ—Ä–æ–±,"1,00",,,,,0,"0,00 ‚ÇΩ",,,,30,0,0,0,"0,00","0,00",,#N/A,,0‚ÇΩ,0‚ÇΩ,0‚ÇΩ,100%,0%,0%,–ò–ü –ò–≤–∞–Ω–æ–≤ –ò.–ò.,WB,FBS,0‚ÇΩ,0‚ÇΩ,#N/A,250‚ÇΩ,25%,1¬†000‚ÇΩ,#N/A,#N/A,0‚ÇΩ,,,,,"0,00","69,00",,,"50,00","119,00","69,00","320,00",#N/A,#N/A,#N/A,#N/A,#N/A,#N/A,#N/A
,FBS,–ù–∞–∑–≤–∞–Ω–∏–µ —Ç–æ–≤–∞—Ä–∞,FALSE,–ò–º—è,,0‚ÇΩ,1¬†000‚ÇΩ,0%,0%,,0,–õ–æ–ø–∞—Ç–∫–∏ –∏–≥—Ä—É—à–µ—á–Ω—ã–µ,"32,00%",,,,,–ú–∞–∫—Å. –∏–∑ –Ω–∞—à–∏—Ö,–ö–æ—Ä–æ–±,"1,00",,,,,0,"0,00 ‚ÇΩ",,,,30,0,0,0,"0,00","0,00",,#N/A,,0‚ÇΩ,0‚ÇΩ,0‚ÇΩ,100%,0%,0%,–ò–ü –ò–≤–∞–Ω–æ–≤ –ò.–ò.,WB,FBS,0‚ÇΩ,0‚ÇΩ,#N/A,250‚ÇΩ,25%,1¬†000‚ÇΩ,#N/A,#N/A,0‚ÇΩ,,,,,"0,00","69,00",,,"50,00","119,00","69,00","320,00",#N/A,#N/A,#N/A,#N/A,#N/A,#N/A,#N/A
,FBS,–ù–∞–∑–≤–∞–Ω–∏–µ —Ç–æ–≤–∞—Ä–∞,FALSE,–ò–º—è,,0‚ÇΩ,1¬†000‚ÇΩ,0%,0%,,0,–õ–æ–ø–∞—Ç–∫–∏ –∏–≥—Ä—É—à–µ—á–Ω—ã–µ,"32,00%",,,,,–ú–∞–∫—Å. –∏–∑ –Ω–∞—à–∏—Ö,–ö–æ—Ä–æ–±,"1,00",,,,,0,"0,00 ‚ÇΩ",,,,30,0,0,0,"0,00","0,00",,#N/A,,0‚ÇΩ,0‚ÇΩ,0‚ÇΩ,100%,0%,0%,–ò–ü –ò–≤–∞–Ω–æ–≤ –ò.–ò.,WB,FBS,0‚ÇΩ,0‚ÇΩ,#N/A,250‚ÇΩ,25%,1¬†000‚ÇΩ,#N/A,#N/A,0‚ÇΩ,,,,,"0,00","69,00",,,"50,00","119,00","69,00","320,00",#N/A,#N/A,#N/A,#N/A,#N/A,#N/A,#N/A
,FBS,–ù–∞–∑–≤–∞–Ω–∏–µ —Ç–æ–≤–∞—Ä–∞,FALSE,–ò–º—è,,0‚ÇΩ,1¬†000‚ÇΩ,0%,0%,,0,–õ–æ–ø–∞—Ç–∫–∏ –∏–≥—Ä—É—à–µ—á–Ω—ã–µ,"32,00%",,,,,–ú–∞–∫—Å. –∏–∑ –Ω–∞—à–∏—Ö,–ö–æ—Ä–æ–±,"1,00",,,,,0,"0,00 ‚ÇΩ",,,,30,0,0,0,"0,00","0,00",,#N/A,,0‚ÇΩ,0‚ÇΩ,0‚ÇΩ,100%,0%,0%,–ò–ü –ò–≤–∞–Ω–æ–≤ –ò.–ò.,WB,FBS,0‚ÇΩ,0‚ÇΩ,#N/A,250‚ÇΩ,25%,1¬†000‚ÇΩ,#N/A,#N/A,0‚ÇΩ,,,,,"0,00","69,00",,,"50,00","119,00","69,00","320,00",#N/A,#N/A,#N/A,#N/A,#N/A,#N/A,#N/A
,FBS,–ù–∞–∑–≤–∞–Ω–∏–µ —Ç–æ–≤–∞—Ä–∞,FALSE,–ò–º—è,,0‚ÇΩ,1¬†000‚ÇΩ,0%,0%,,0,–õ–æ–ø–∞—Ç–∫–∏ –∏–≥—Ä—É—à–µ—á–Ω—ã–µ,"32,00%",,,,,–ú–∞–∫—Å. –∏–∑ –Ω–∞—à–∏—Ö,–ö–æ—Ä–æ–±,"1,00",,,,,0,"0,00 ‚ÇΩ",,,,30,0,0,0,"0,00","0,00",,#N/A,,0‚ÇΩ,0‚ÇΩ,0‚ÇΩ,100%,0%,0%,–ò–ü –ò–≤–∞–Ω–æ–≤ –ò.–ò.,WB,FBS,0‚ÇΩ,0‚ÇΩ,#N/A,250‚ÇΩ,25%,1¬†000‚ÇΩ,#N/A,#N/A,0‚ÇΩ,,,,,"0,00","69,00",,,"50,00","119,00","69,00","320,00",#N/A,#N/A,#N/A,#N/A,#N/A,#N/A,#N/A
,FBS,–ù–∞–∑–≤–∞–Ω–∏–µ —Ç–æ–≤–∞—Ä–∞,FALSE,–ò–º—è,,0‚ÇΩ,1¬†000‚ÇΩ,0%,0%,,0,–õ–æ–ø–∞—Ç–∫–∏ –∏–≥—Ä—É—à–µ—á–Ω—ã–µ,"32,00%",,,,,–ú–∞–∫—Å. –∏–∑ –Ω–∞—à–∏—Ö,–ö–æ—Ä–æ–±,"1,00",,,,,0,"0,00 ‚ÇΩ",,,,30,0,0,0,"0,00","0,00",,#N/A,,0‚ÇΩ,0‚ÇΩ,0‚ÇΩ,100%,0%,0%,–ò–ü –ò–≤–∞–Ω–æ–≤ –ò.–ò.,WB,FBS,0‚ÇΩ,0‚ÇΩ,#N/A,250‚ÇΩ,25%,1¬†000‚ÇΩ,#N/A,#N/A,0‚ÇΩ,,,,,"0,00","69,00",,,"50,00","119,00","69,00","320,00",#N/A,#N/A,#N/A,#N/A,#N/A,#N/A,#N/A
,FBS,–ù–∞–∑–≤–∞–Ω–∏–µ —Ç–æ–≤–∞—Ä–∞,FALSE,–ò–º—è,,0‚ÇΩ,1¬†000‚ÇΩ,0%,0%,,0,–õ–æ–ø–∞—Ç–∫–∏ –∏–≥—Ä—É—à–µ—á–Ω—ã–µ,"32,00%",,,,,–ú–∞–∫—Å. –∏–∑ –Ω–∞—à–∏—Ö,–ö–æ—Ä–æ–±,"1,00",,,,,0,"0,00 ‚ÇΩ",,,,30,0,0,0,"0,00","0,00",,#N/A,,0‚ÇΩ,0‚ÇΩ,0‚ÇΩ,100%,0%,0%,–ò–ü –ò–≤–∞–Ω–æ–≤ –ò.–ò.,WB,FBS,0‚ÇΩ,0‚ÇΩ,#N/A,250‚ÇΩ,25%,1¬†000‚ÇΩ,#N/A,#N/A,0‚ÇΩ,,,,,"0,00","69,00",,,"50,00","119,00","69,00","320,00",#N/A,#N/A,#N/A,#N/A,#N/A,#N/A,#N/A
,FBS,–ù–∞–∑–≤–∞–Ω–∏–µ —Ç–æ–≤–∞—Ä–∞,FALSE,–ò–º—è,,0‚ÇΩ,1¬†000‚ÇΩ,0%,0%,,0,–õ–æ–ø–∞—Ç–∫–∏ –∏–≥—Ä—É—à–µ—á–Ω—ã–µ,"32,00%",,,,,–ú–∞–∫—Å. –∏–∑ –Ω–∞—à–∏—Ö,–ö–æ—Ä–æ–±,"1,00",,,,,0,"0,00 ‚ÇΩ",,,,30,0,0,0,"0,00","0,00",,#N/A,,0‚ÇΩ,0‚ÇΩ,0‚ÇΩ,100%,0%,0%,–ò–ü –ò–≤–∞–Ω–æ–≤ –ò.–ò.,WB,FBS,0‚ÇΩ,0‚ÇΩ,#N/A,250‚ÇΩ,25%,1¬†000‚ÇΩ,#N/A,#N/A,0‚ÇΩ,,,,,"0,00","69,00",,,"50,00","119,00","69,00","320,00",#N/A,#N/A,#N/A,#N/A,#N/A,#N/A,#N/A
,FBS,–ù–∞–∑–≤–∞–Ω–∏–µ —Ç–æ–≤–∞—Ä–∞,FALSE,–ò–º—è,,0‚ÇΩ,1¬†000‚ÇΩ,0%,0%,,0,–õ–æ–ø–∞—Ç–∫–∏ –∏–≥—Ä—É—à–µ—á–Ω—ã–µ,"32,00%",,,,,–ú–∞–∫—Å. –∏–∑ –Ω–∞—à–∏—Ö,–ö–æ—Ä–æ–±,"1,00",,,,,0,"0,00 ‚ÇΩ",,,,30,0,0,0,"0,00","0,00",,#N/A,,0‚ÇΩ,0‚ÇΩ,0‚ÇΩ,100%,0%,0%,–ò–ü –ò–≤–∞–Ω–æ–≤ –ò.–ò.,WB,FBS,0‚ÇΩ,0‚ÇΩ,#N/A,250‚ÇΩ,25%,1¬†000‚ÇΩ,#N/A,#N/A,0‚ÇΩ,,,,,"0,00","69,00",,,"50,00","119,00","69,00","320,00",#N/A,#N/A,#N/A,#N/A,#N/A,#N/A,#N/A
,FBS,–ù–∞–∑–≤–∞–Ω–∏–µ —Ç–æ–≤–∞—Ä–∞,FALSE,–ò–º—è,,0‚ÇΩ,1¬†000‚ÇΩ,0%,0%,,0,–õ–æ–ø–∞—Ç–∫–∏ –∏–≥—Ä—É—à–µ—á–Ω—ã–µ,"32,00%",,,,,–ú–∞–∫—Å. –∏–∑ –Ω–∞—à–∏—Ö,–ö–æ—Ä–æ–±,"1,00",,,,,0,"0,00 ‚ÇΩ",,,,30,0,0,0,"0,00","0,00",,#N/A,,0‚ÇΩ,0‚ÇΩ,0‚ÇΩ,100%,0%,0%,–ò–ü –ò–≤–∞–Ω–æ–≤ –ò.–ò.,WB,FBS,0‚ÇΩ,0‚ÇΩ,#N/A,250‚ÇΩ,25%,1¬†000‚ÇΩ,#N/A,#N/A,0‚ÇΩ,,,,,"0,00","69,00",,,"50,00","119,00","69,00","320,00",#N/A,#N/A,#N/A,#N/A,#N/A,#N/A,#N/A
,FBS,–ù–∞–∑–≤–∞–Ω–∏–µ —Ç–æ–≤–∞—Ä–∞,FALSE,–ò–º—è,,0‚ÇΩ,1¬†000‚ÇΩ,0%,0%,,0,–õ–æ–ø–∞—Ç–∫–∏ –∏–≥—Ä—É—à–µ—á–Ω—ã–µ,"32,00%",,,,,–ú–∞–∫—Å. –∏–∑ –Ω–∞—à–∏—Ö,–ö–æ—Ä–æ–±,"1,00",,,,,0,"0,00 ‚ÇΩ",,,,30,0,0,0,"0,00","0,00",,#N/A,,0‚ÇΩ,0‚ÇΩ,0‚ÇΩ,100%,0%,0%,–ò–ü –ò–≤–∞–Ω–æ–≤ –ò.–ò.,WB,FBS,0‚ÇΩ,0‚ÇΩ,#N/A,250‚ÇΩ,25%,1¬†000‚ÇΩ,#N/A,#N/A,0‚ÇΩ,,,,,"0,00","69,00",,,"50,00","119,00","69,00","320,00",#N/A,#N/A,#N/A,#N/A,#N/A,#N/A,#N/A
,FBS,–ù–∞–∑–≤–∞–Ω–∏–µ —Ç–æ–≤–∞—Ä–∞,FALSE,–ò–º—è,,0‚ÇΩ,1¬†000‚ÇΩ,0%,0%,,0,–õ–æ–ø–∞—Ç–∫–∏ –∏–≥—Ä—É—à–µ—á–Ω—ã–µ,"32,00%",,,,,–ú–∞–∫—Å. –∏–∑ –Ω–∞—à–∏—Ö,–ö–æ—Ä–æ–±,"1,00",,,,,0,"0,00 ‚ÇΩ",,,,30,0,0,0,"0,00","0,00",,#N/A,,0‚ÇΩ,0‚ÇΩ,0‚ÇΩ,100%,0%,0%,–ò–ü –ò–≤–∞–Ω–æ–≤ –ò.–ò.,WB,FBS,0‚ÇΩ,0‚ÇΩ,#N/A,250‚ÇΩ,25%,1¬†000‚ÇΩ,#N/A,#N/A,0‚ÇΩ,,,,,"0,00","69,00",,,"50,00","119,00","69,00","320,00",#N/A,#N/A,#N/A,#N/A,#N/A,#N/A,#N/A
,FBS,–ù–∞–∑–≤–∞–Ω–∏–µ —Ç–æ–≤–∞—Ä–∞,FALSE,–ò–º—è,,0‚ÇΩ,1¬†000‚ÇΩ,0%,0%,,0,–õ–æ–ø–∞—Ç–∫–∏ –∏–≥—Ä—É—à–µ—á–Ω—ã–µ,"32,00%",,,,,–ú–∞–∫—Å. –∏–∑ –Ω–∞—à–∏—Ö,–ö–æ—Ä–æ–±,"1,00",,,,,0,"0,00 ‚ÇΩ",,,,30,0,0,0,"0,00","0,00",,#N/A,,0‚ÇΩ,0‚ÇΩ,0‚ÇΩ,100%,0%,0%,–ò–ü –ò–≤–∞–Ω–æ–≤ –ò.–ò.,WB,FBS,0‚ÇΩ,0‚ÇΩ,#N/A,250‚ÇΩ,25%,1¬†000‚ÇΩ,#N/A,#N/A,0‚ÇΩ,,,,,"0,00","69,00",,,"50,00","119,00","69,00","320,00",#N/A,#N/A,#N/A,#N/A,#N/A,#N/A,#N/A
,FBS,–ù–∞–∑–≤–∞–Ω–∏–µ —Ç–æ–≤–∞—Ä–∞,FALSE,–ò–º—è,,0‚ÇΩ,1¬†000‚ÇΩ,0%,0%,,0,–õ–æ–ø–∞—Ç–∫–∏ –∏–≥—Ä—É—à–µ—á–Ω—ã–µ,"32,00%",,,,,–ú–∞–∫—Å. –∏–∑ –Ω–∞—à–∏—Ö,–ö–æ—Ä–æ–±,"1,00",,,,,0,"0,00 ‚ÇΩ",,,,30,0,0,0,"0,00","0,00",,#N/A,,0‚ÇΩ,0‚ÇΩ,0‚ÇΩ,100%,0%,0%,–ò–ü –ò–≤–∞–Ω–æ–≤ –ò.–ò.,WB,FBS,0‚ÇΩ,0‚ÇΩ,#N/A,250‚ÇΩ,25%,1¬†000‚ÇΩ,#N/A,#N/A,0‚ÇΩ,,,,,"0,00","69,00",,,"50,00","119,00","69,00","320,00",#N/A,#N/A,#N/A,#N/A,#N/A,#N/A,#N/A
,FBS,–ù–∞–∑–≤–∞–Ω–∏–µ —Ç–æ–≤–∞—Ä–∞,FALSE,–ò–º—è,,0‚ÇΩ,1¬†000‚ÇΩ,0%,0%,,0,–õ–æ–ø–∞—Ç–∫–∏ –∏–≥—Ä—É—à–µ—á–Ω—ã–µ,"32,00%",,,,,–ú–∞–∫—Å. –∏–∑ –Ω–∞—à–∏—Ö,–ö–æ—Ä–æ–±,"1,00",,,,,0,"0,00 ‚ÇΩ",,,,30,0,0,0,"0,00","0,00",,#N/A,,0‚ÇΩ,0‚ÇΩ,0‚ÇΩ,100%,0%,0%,–ò–ü –ò–≤–∞–Ω–æ–≤ –ò.–ò.,WB,FBS,0‚ÇΩ,0‚ÇΩ,#N/A,250‚ÇΩ,25%,1¬†000‚ÇΩ,#N/A,#N/A,0‚ÇΩ,,,,,"0,00","69,00",,,"50,00","119,00","69,00","320,00",#N/A,#N/A,#N/A,#N/A,#N/A,#N/A,#N/A
,FBS,–ù–∞–∑–≤–∞–Ω–∏–µ —Ç–æ–≤–∞—Ä–∞,FALSE,–ò–º—è,,0‚ÇΩ,1¬†000‚ÇΩ,0%,0%,,0,–õ–æ–ø–∞—Ç–∫–∏ –∏–≥—Ä—É—à–µ—á–Ω—ã–µ,"32,00%",,,,,–ú–∞–∫—Å. –∏–∑ –Ω–∞—à–∏—Ö,–ö–æ—Ä–æ–±,"1,00",,,,,0,"0,00 ‚ÇΩ",,,,30,0,0,0,"0,00","0,00",,#N/A,,0‚ÇΩ,0‚ÇΩ,0‚ÇΩ,100%,0%,0%,–ò–ü –ò–≤–∞–Ω–æ–≤ –ò.–ò.,WB,FBS,0‚ÇΩ,0‚ÇΩ,#N/A,250‚ÇΩ,25%,1¬†000‚ÇΩ,#N/A,#N/A,0‚ÇΩ,,,,,"0,00","69,00",,,"50,00","119,00","69,00","320,00",#N/A,#N/A,#N/A,#N/A,#N/A,#N/A,#N/A
,FBS,–ù–∞–∑–≤–∞–Ω–∏–µ —Ç–æ–≤–∞—Ä–∞,FALSE,–ò–º—è,,0‚ÇΩ,1¬†000‚ÇΩ,0%,0%,,0,–õ–æ–ø–∞—Ç–∫–∏ –∏–≥—Ä—É—à–µ—á–Ω—ã–µ,"32,00%",,,,,–ú–∞–∫—Å. –∏–∑ –Ω–∞—à–∏—Ö,–ö–æ—Ä–æ–±,"1,00",,,,,0,"0,00 ‚ÇΩ",,,,30,0,0,0,"0,00","0,00",,#N/A,,0‚ÇΩ,0‚ÇΩ,0‚ÇΩ,100%,0%,0%,–ò–ü –ò–≤–∞–Ω–æ–≤ –ò.–ò.,WB,FBS,0‚ÇΩ,0‚ÇΩ,#N/A,250‚ÇΩ,25%,1¬†000‚ÇΩ,#N/A,#N/A,0‚ÇΩ,,,,,"0,00","69,00",,,"50,00","119,00","69,00","320,00",#N/A,#N/A,#N/A,#N/A,#N/A,#N/A,#N/A
,FBS,–ù–∞–∑–≤–∞–Ω–∏–µ —Ç–æ–≤–∞—Ä–∞,FALSE,–ò–º—è,,0‚ÇΩ,1¬†000‚ÇΩ,0%,0%,,0,–õ–æ–ø–∞—Ç–∫–∏ –∏–≥—Ä—É—à–µ—á–Ω—ã–µ,"32,00%",,,,,–ú–∞–∫—Å. –∏–∑ –Ω–∞—à–∏—Ö,–ö–æ—Ä–æ–±,"1,00",,,,,0,"0,00 ‚ÇΩ",,,,30,0,0,0,"0,00","0,00",,#N/A,,0‚ÇΩ,0‚ÇΩ,0‚ÇΩ,100%,0%,0%,–ò–ü –ò–≤–∞–Ω–æ–≤ –ò.–ò.,WB,FBS,0‚ÇΩ,0‚ÇΩ,#N/A,250‚ÇΩ,25%,1¬†000‚ÇΩ,#N/A,#N/A,0‚ÇΩ,,,,,"0,00","69,00",,,"50,00","119,00","69,00","320,00",#N/A,#N/A,#N/A,#N/A,#N/A,#N/A,#N/A
,FBS,–ù–∞–∑–≤–∞–Ω–∏–µ —Ç–æ–≤–∞—Ä–∞,FALSE,–ò–º—è,,0‚ÇΩ,1¬†000‚ÇΩ,0%,0%,,0,–õ–æ–ø–∞—Ç–∫–∏ –∏–≥—Ä—É—à–µ—á–Ω—ã–µ,"32,00%",,,,,–ú–∞–∫—Å. –∏–∑ –Ω–∞—à–∏—Ö,–ö–æ—Ä–æ–±,"1,00",,,,,0,"0,00 ‚ÇΩ",,,,30,0,0,0,"0,00","0,00",,#N/A,,0‚ÇΩ,0‚ÇΩ,0‚ÇΩ,100%,0%,0%,–ò–ü –ò–≤–∞–Ω–æ–≤ –ò.–ò.,WB,FBS,0‚ÇΩ,0‚ÇΩ,#N/A,250‚ÇΩ,25%,1¬†000‚ÇΩ,#N/A,#N/A,0‚ÇΩ,,,,,"0,00","69,00",,,"50,00","119,00","69,00","320,00",#N/A,#N/A,#N/A,#N/A,#N/A,#N/A,#N/A
,FBS,–ù–∞–∑–≤–∞–Ω–∏–µ —Ç–æ–≤–∞—Ä–∞,FALSE,–ò–º—è,,0‚ÇΩ,1¬†000‚ÇΩ,0%,0%,,0,–õ–æ–ø–∞—Ç–∫–∏ –∏–≥—Ä—É—à–µ—á–Ω—ã–µ,"32,00%",,,,,–ú–∞–∫—Å. –∏–∑ –Ω–∞—à–∏—Ö,–ö–æ—Ä–æ–±,"1,00",,,,,0,"0,00 ‚ÇΩ",,,,30,0,0,0,"0,00","0,00",,#N/A,,0‚ÇΩ,0‚ÇΩ,0‚ÇΩ,100%,0%,0%,–ò–ü –ò–≤–∞–Ω–æ–≤ –ò.–ò.,WB,FBS,0‚ÇΩ,0‚ÇΩ,#N/A,250‚ÇΩ,25%,1¬†000‚ÇΩ,#N/A,#N/A,0‚ÇΩ,,,,,"0,00","69,00",,,"50,00","119,00","69,00","320,00",#N/A,#N/A,#N/A,#N/A,#N/A,#N/A,#N/A
,FBS,–ù–∞–∑–≤–∞–Ω–∏–µ —Ç–æ–≤–∞—Ä–∞,FALSE,–ò–º—è,,0‚ÇΩ,1¬†000‚ÇΩ,0%,0%,,0,–õ–æ–ø–∞—Ç–∫–∏ –∏–≥—Ä—É—à–µ—á–Ω—ã–µ,"32,00%",,,,,–ú–∞–∫—Å. –∏–∑ –Ω–∞—à–∏—Ö,–ö–æ—Ä–æ–±,"1,00",,,,,0,"0,00 ‚ÇΩ",,,,30,0,0,0,"0,00","0,00",,#N/A,,0‚ÇΩ,0‚ÇΩ,0‚ÇΩ,100%,0%,0%,–ò–ü –ò–≤–∞–Ω–æ–≤ –ò.–ò.,WB,FBS,0‚ÇΩ,0‚ÇΩ,#N/A,250‚ÇΩ,25%,1¬†000‚ÇΩ,#N/A,#N/A,0‚ÇΩ,,,,,"0,00","69,00",,,"50,00","119,00","69,00","320,00",#N/A,#N/A,#N/A,#N/A,#N/A,#N/A,#N/A
,FBS,–ù–∞–∑–≤–∞–Ω–∏–µ —Ç–æ–≤–∞—Ä–∞,FALSE,–ò–º—è,,0‚ÇΩ,1¬†000‚ÇΩ,0%,0%,,0,–õ–æ–ø–∞—Ç–∫–∏ –∏–≥—Ä—É—à–µ—á–Ω—ã–µ,"32,00%",,,,,–ú–∞–∫—Å. –∏–∑ –Ω–∞—à–∏—Ö,–ö–æ—Ä–æ–±,"1,00",,,,,0,"0,00 ‚ÇΩ",,,,30,0,0,0,"0,00","0,00",,#N/A,,0‚ÇΩ,0‚ÇΩ,0‚ÇΩ,100%,0%,0%,–ò–ü –ò–≤–∞–Ω–æ–≤ –ò.–ò.,WB,FBS,0‚ÇΩ,0‚ÇΩ,#N/A,250‚ÇΩ,25%,1¬†000‚ÇΩ,#N/A,#N/A,0‚ÇΩ,,,,,"0,00","69,00",,,"50,00","119,00","69,00","320,00",#N/A,#N/A,#N/A,#N/A,#N/A,#N/A,#N/A
,FBS,–ù–∞–∑–≤–∞–Ω–∏–µ —Ç–æ–≤–∞—Ä–∞,FALSE,–ò–º—è,,0‚ÇΩ,1¬†000‚ÇΩ,0%,0%,,0,–õ–æ–ø–∞—Ç–∫–∏ –∏–≥—Ä—É—à–µ—á–Ω—ã–µ,"32,00%",,,,,–ú–∞–∫—Å. –∏–∑ –Ω–∞—à–∏—Ö,–ö–æ—Ä–æ–±,"1,00",,,,,0,"0,00 ‚ÇΩ",,,,30,0,0,0,"0,00","0,00",,#N/A,,0‚ÇΩ,0‚ÇΩ,0‚ÇΩ,100%,0%,0%,–ò–ü –ò–≤–∞–Ω–æ–≤ –ò.–ò.,WB,FBS,0‚ÇΩ,0‚ÇΩ,#N/A,250‚ÇΩ,25%,1¬†000‚ÇΩ,#N/A,#N/A,0‚ÇΩ,,,,,"0,00","69,00",,,"50,00","119,00","69,00","320,00",#N/A,#N/A,#N/A,#N/A,#N/A,#N/A,#N/A
,FBS,–ù–∞–∑–≤–∞–Ω–∏–µ —Ç–æ–≤–∞—Ä–∞,FALSE,–ò–º—è,,0‚ÇΩ,1¬†000‚ÇΩ,0%,0%,,0,–õ–æ–ø–∞—Ç–∫–∏ –∏–≥—Ä—É—à–µ—á–Ω—ã–µ,"32,00%",,,,,–ú–∞–∫—Å. –∏–∑ –Ω–∞—à–∏—Ö,–ö–æ—Ä–æ–±,"1,00",,,,,0,"0,00 ‚ÇΩ",,,,30,0,0,0,"0,00","0,00",,#N/A,,0‚ÇΩ,0‚ÇΩ,0‚ÇΩ,100%,0%,0%,–ò–ü –ò–≤–∞–Ω–æ–≤ –ò.–ò.,WB,FBS,0‚ÇΩ,0‚ÇΩ,#N/A,250‚ÇΩ,25%,1¬†000‚ÇΩ,#N/A,#N/A,0‚ÇΩ,,,,,"0,00","69,00",,,"50,00","119,00","69,00","320,00",#N/A,#N/A,#N/A,#N/A,#N/A,#N/A,#N/A
,FBS,–ù–∞–∑–≤–∞–Ω–∏–µ —Ç–æ–≤–∞—Ä–∞,FALSE,–ò–º—è,,0‚ÇΩ,1¬†000‚ÇΩ,0%,0%,,0,–õ–æ–ø–∞—Ç–∫–∏ –∏–≥—Ä—É—à–µ—á–Ω—ã–µ,"32,00%",,,,,–ú–∞–∫—Å. –∏–∑ –Ω–∞—à–∏—Ö,–ö–æ—Ä–æ–±,"1,00",,,,,0,"0,00 ‚ÇΩ",,,,30,0,0,0,"0,00","0,00",,#N/A,,0‚ÇΩ,0‚ÇΩ,0‚ÇΩ,100%,0%,0%,–ò–ü –ò–≤–∞–Ω–æ–≤ –ò.–ò.,WB,FBS,0‚ÇΩ,0‚ÇΩ,#N/A,250‚ÇΩ,25%,1¬†000‚ÇΩ,#N/A,#N/A,0‚ÇΩ,,,,,"0,00","69,00",,,"50,00","119,00","69,00","320,00",#N/A,#N/A,#N/A,#N/A,#N/A,#N/A,#N/A
,FBS,–ù–∞–∑–≤–∞–Ω–∏–µ —Ç–æ–≤–∞—Ä–∞,FALSE,–ò–º—è,,0‚ÇΩ,1¬†000‚ÇΩ,0%,0%,,0,–õ–æ–ø–∞—Ç–∫–∏ –∏–≥—Ä—É—à–µ—á–Ω—ã–µ,"32,00%",,,,,–ú–∞–∫—Å. –∏–∑ –Ω–∞—à–∏—Ö,–ö–æ—Ä–æ–±,"1,00",,,,,0,"0,00 ‚ÇΩ",,,,30,0,0,0,"0,00","0,00",,#N/A,,0‚ÇΩ,0‚ÇΩ,0‚ÇΩ,100%,0%,0%,–ò–ü –ò–≤–∞–Ω–æ–≤ –ò.–ò.,WB,FBS,0‚ÇΩ,0‚ÇΩ,#N/A,250‚ÇΩ,25%,1¬†000‚ÇΩ,#N/A,#N/A,0‚ÇΩ,,,,,"0,00","69,00",,,"50,00","119,00","69,00","320,00",#N/A,#N/A,#N/A,#N/A,#N/A,#N/A,#N/A
,FBS,–ù–∞–∑–≤–∞–Ω–∏–µ —Ç–æ–≤–∞—Ä–∞,FALSE,–ò–º—è,,0‚ÇΩ,1¬†000‚ÇΩ,0%,0%,,0,–õ–æ–ø–∞—Ç–∫–∏ –∏–≥—Ä—É—à–µ—á–Ω—ã–µ,"32,00%",,,,,–ú–∞–∫—Å. –∏–∑ –Ω–∞—à–∏—Ö,–ö–æ—Ä–æ–±,"1,00",,,,,0,"0,00 ‚ÇΩ",,,,30,0,0,0,"0,00","0,00",,#N/A,,0‚ÇΩ,0‚ÇΩ,0‚ÇΩ,100%,0%,0%,–ò–ü –ò–≤–∞–Ω–æ–≤ –ò.–ò.,WB,FBS,0‚ÇΩ,0‚ÇΩ,#N/A,250‚ÇΩ,25%,1¬†000‚ÇΩ,#N/A,#N/A,0‚ÇΩ,,,,,"0,00","69,00",,,"50,00","119,00","69,00","320,00",#N/A,#N/A,#N/A,#N/A,#N/A,#N/A,#N/A
,FBS,–ù–∞–∑–≤–∞–Ω–∏–µ —Ç–æ–≤–∞—Ä–∞,FALSE,–ò–º—è,,0‚ÇΩ,1¬†000‚ÇΩ,0%,0%,,0,–õ–æ–ø–∞—Ç–∫–∏ –∏–≥—Ä—É—à–µ—á–Ω—ã–µ,"32,00%",,,,,–ú–∞–∫—Å. –∏–∑ –Ω–∞—à–∏—Ö,–ö–æ—Ä–æ–±,"1,00",,,,,0,"0,00 ‚ÇΩ",,,,30,0,0,0,"0,00","0,00",,#N/A,,0‚ÇΩ,0‚ÇΩ,0‚ÇΩ,100%,0%,0%,–ò–ü –ò–≤–∞–Ω–æ–≤ –ò.–ò.,WB,FBS,0‚ÇΩ,0‚ÇΩ,#N/A,250‚ÇΩ,25%,1¬†000‚ÇΩ,#N/A,#N/A,0‚ÇΩ,,,,,"0,00","69,00",,,"50,00","119,00","69,00","320,00",#N/A,#N/A,#N/A,#N/A,#N/A,#N/A,#N/A
,FBS,–ù–∞–∑–≤–∞–Ω–∏–µ —Ç–æ–≤–∞—Ä–∞,FALSE,–ò–º—è,,0‚ÇΩ,1¬†000‚ÇΩ,0%,0%,,0,–õ–æ–ø–∞—Ç–∫–∏ –∏–≥—Ä—É—à–µ—á–Ω—ã–µ,"32,00%",,,,,–ú–∞–∫—Å. –∏–∑ –Ω–∞—à–∏—Ö,–ö–æ—Ä–æ–±,"1,00",,,,,0,"0,00 ‚ÇΩ",,,,30,0,0,0,"0,00","0,00",,#N/A,,0‚ÇΩ,0‚ÇΩ,0‚ÇΩ,100%,0%,0%,–ò–ü –ò–≤–∞–Ω–æ–≤ –ò.–ò.,WB,FBS,0‚ÇΩ,0‚ÇΩ,#N/A,250‚ÇΩ,25%,1¬†000‚ÇΩ,#N/A,#N/A,0‚ÇΩ,,,,,"0,00","69,00",,,"50,00","119,00","69,00","320,00",#N/A,#N/A,#N/A,#N/A,#N/A,#N/A,#N/A
,FBS,–ù–∞–∑–≤–∞–Ω–∏–µ —Ç–æ–≤–∞—Ä–∞,FALSE,–ò–º—è,,0‚ÇΩ,1¬†000‚ÇΩ,0%,0%,,0,–õ–æ–ø–∞—Ç–∫–∏ –∏–≥—Ä—É—à–µ—á–Ω—ã–µ,"32,00%",,,,,–ú–∞–∫—Å. –∏–∑ –Ω–∞—à–∏—Ö,–ö–æ—Ä–æ–±,"1,00",,,,,0,"0,00 ‚ÇΩ",,,,30,0,0,0,"0,00","0,00",,#N/A,,0‚ÇΩ,0‚ÇΩ,0‚ÇΩ,100%,0%,0%,–ò–ü –ò–≤–∞–Ω–æ–≤ –ò.–ò.,WB,FBS,0‚ÇΩ,0‚ÇΩ,#N/A,250‚ÇΩ,25%,1¬†000‚ÇΩ,#N/A,#N/A,0‚ÇΩ,,,,,"0,00","69,00",,,"50,00","119,00","69,00","320,00",#N/A,#N/A,#N/A,#N/A,#N/A,#N/A,#N/A
,FBS,–ù–∞–∑–≤–∞–Ω–∏–µ —Ç–æ–≤–∞—Ä–∞,FALSE,–ò–º—è,,0‚ÇΩ,1¬†000‚ÇΩ,0%,0%,,0,–õ–æ–ø–∞—Ç–∫–∏ –∏–≥—Ä—É—à–µ—á–Ω—ã–µ,"32,00%",,,,,–ú–∞–∫—Å. –∏–∑ –Ω–∞—à–∏—Ö,–ö–æ—Ä–æ–±,"1,00",,,,,0,"0,00 ‚ÇΩ",,,,30,0,0,0,"0,00","0,00",,#N/A,,0‚ÇΩ,0‚ÇΩ,0‚ÇΩ,100%,0%,0%,–ò–ü –ò–≤–∞–Ω–æ–≤ –ò.–ò.,WB,FBS,0‚ÇΩ,0‚ÇΩ,#N/A,250‚ÇΩ,25%,1¬†000‚ÇΩ,#N/A,#N/A,0‚ÇΩ,,,,,"0,00","69,00",,,"50,00","119,00","69,00","320,00",#N/A,#N/A,#N/A,#N/A,#N/A,#N/A,#N/A
,FBS,–ù–∞–∑–≤–∞–Ω–∏–µ —Ç–æ–≤–∞—Ä–∞,FALSE,–ò–º—è,,0‚ÇΩ,1¬†000‚ÇΩ,0%,0%,,0,–õ–æ–ø–∞—Ç–∫–∏ –∏–≥—Ä—É—à–µ—á–Ω—ã–µ,"32,00%",,,,,–ú–∞–∫—Å. –∏–∑ –Ω–∞—à–∏—Ö,–ö–æ—Ä–æ–±,"1,00",,,,,0,"0,00 ‚ÇΩ",,,,30,0,0,0,"0,00","0,00",,#N/A,,0‚ÇΩ,0‚ÇΩ,0‚ÇΩ,100%,0%,0%,–ò–ü –ò–≤–∞–Ω–æ–≤ –ò.–ò.,WB,FBS,0‚ÇΩ,0‚ÇΩ,#N/A,250‚ÇΩ,25%,1¬†000‚ÇΩ,#N/A,#N/A,0‚ÇΩ,,,,,"0,00","69,00",,,"50,00","119,00","69,00","320,00",#N/A,#N/A,#N/A,#N/A,#N/A,#N/A,#N/A
,FBS,–ù–∞–∑–≤–∞–Ω–∏–µ —Ç–æ–≤–∞—Ä–∞,FALSE,–ò–º—è,,0‚ÇΩ,1¬†000‚ÇΩ,0%,0%,,0,–õ–æ–ø–∞—Ç–∫–∏ –∏–≥—Ä—É—à–µ—á–Ω—ã–µ,"32,00%",,,,,–ú–∞–∫—Å. –∏–∑ –Ω–∞—à–∏—Ö,–ö–æ—Ä–æ–±,"1,00",,,,,0,"0,00 ‚ÇΩ",,,,30,0,0,0,"0,00","0,00",,#N/A,,0‚ÇΩ,0‚ÇΩ,0‚ÇΩ,100%,0%,0%,–ò–ü –ò–≤–∞–Ω–æ–≤ –ò.–ò.,WB,FBS,0‚ÇΩ,0‚ÇΩ,#N/A,250‚ÇΩ,25%,1¬†000‚ÇΩ,#N/A,#N/A,0‚ÇΩ,,,,,"0,00","69,00",,,"50,00","119,00","69,00","320,00",#N/A,#N/A,#N/A,#N/A,#N/A,#N/A,#N/A
,FBS,–ù–∞–∑–≤–∞–Ω–∏–µ —Ç–æ–≤–∞—Ä–∞,FALSE,–ò–º—è,,0‚ÇΩ,1¬†000‚ÇΩ,0%,0%,,0,–õ–æ–ø–∞—Ç–∫–∏ –∏–≥—Ä—É—à–µ—á–Ω—ã–µ,"32,00%",,,,,–ú–∞–∫—Å. –∏–∑ –Ω–∞—à–∏—Ö,–ö–æ—Ä–æ–±,"1,00",,,,,0,"0,00 ‚ÇΩ",,,,30,0,0,0,"0,00","0,00",,#N/A,,0‚ÇΩ,0‚ÇΩ,0‚ÇΩ,100%,0%,0%,–ò–ü –ò–≤–∞–Ω–æ–≤ –ò.–ò.,WB,FBS,0‚ÇΩ,0‚ÇΩ,#N/A,250‚ÇΩ,25%,1¬†000‚ÇΩ,#N/A,#N/A,0‚ÇΩ,,,,,"0,00","69,00",,,"50,00","119,00","69,00","320,00",#N/A,#N/A,#N/A,#N/A,#N/A,#N/A,#N/A
,FBS,–ù–∞–∑–≤–∞–Ω–∏–µ —Ç–æ–≤–∞—Ä–∞,FALSE,–ò–º—è,,0‚ÇΩ,1¬†000‚ÇΩ,0%,0%,,0,–õ–æ–ø–∞—Ç–∫–∏ –∏–≥—Ä—É—à–µ—á–Ω—ã–µ,"32,00%",,,,,–ú–∞–∫—Å. –∏–∑ –Ω–∞—à–∏—Ö,–ö–æ—Ä–æ–±,"1,00",,,,,0,"0,00 ‚ÇΩ",,,,30,0,0,0,"0,00","0,00",,#N/A,,0‚ÇΩ,0‚ÇΩ,0‚ÇΩ,100%,0%,0%,–ò–ü –ò–≤–∞–Ω–æ–≤ –ò.–ò.,WB,FBS,0‚ÇΩ,0‚ÇΩ,#N/A,250‚ÇΩ,25%,1¬†000‚ÇΩ,#N/A,#N/A,0‚ÇΩ,,,,,"0,00","69,00",,,"50,00","119,00","69,00","320,00",#N/A,#N/A,#N/A,#N/A,#N/A,#N/A,#N/A
,FBS,–ù–∞–∑–≤–∞–Ω–∏–µ —Ç–æ–≤–∞—Ä–∞,FALSE,–ò–º—è,,0‚ÇΩ,1¬†000‚ÇΩ,0%,0%,,0,–õ–æ–ø–∞—Ç–∫–∏ –∏–≥—Ä—É—à–µ—á–Ω—ã–µ,"32,00%",,,,,–ú–∞–∫—Å. –∏–∑ –Ω–∞—à–∏—Ö,–ö–æ—Ä–æ–±,"1,00",,,,,0,"0,00 ‚ÇΩ",,,,30,0,0,0,"0,00","0,00",,#N/A,,0‚ÇΩ,0‚ÇΩ,0‚ÇΩ,100%,0%,0%,–ò–ü –ò–≤–∞–Ω–æ–≤ –ò.–ò.,WB,FBS,0‚ÇΩ,0‚ÇΩ,#N/A,250‚ÇΩ,25%,1¬†000‚ÇΩ,#N/A,#N/A,0‚ÇΩ,,,,,"0,00","69,00",,,"50,00","119,00","69,00","320,00",#N/A,#N/A,#N/A,#N/A,#N/A,#N/A,#N/A
,FBS,–ù–∞–∑–≤–∞–Ω–∏–µ —Ç–æ–≤–∞—Ä–∞,FALSE,–ò–º—è,,0‚ÇΩ,1¬†000‚ÇΩ,0%,0%,,0,–õ–æ–ø–∞—Ç–∫–∏ –∏–≥—Ä—É—à–µ—á–Ω—ã–µ,"32,00%",,,,,–ú–∞–∫—Å. –∏–∑ –Ω–∞—à–∏—Ö,–ö–æ—Ä–æ–±,"1,00",,,,,0,"0,00 ‚ÇΩ",,,,30,0,0,0,"0,00","0,00",,#N/A,,0‚ÇΩ,0‚ÇΩ,0‚ÇΩ,100%,0%,0%,–ò–ü –ò–≤–∞–Ω–æ–≤ –ò.–ò.,WB,FBS,0‚ÇΩ,0‚ÇΩ,#N/A,250‚ÇΩ,25%,1¬†000‚ÇΩ,#N/A,#N/A,0‚ÇΩ,,,,,"0,00","69,00",,,"50,00","119,00","69,00","320,00",#N/A,#N/A,#N/A,#N/A,#N/A,#N/A,#N/A
,FBS,–ù–∞–∑–≤–∞–Ω–∏–µ —Ç–æ–≤–∞—Ä–∞,FALSE,–ò–º—è,,0‚ÇΩ,1¬†000‚ÇΩ,0%,0%,,0,–õ–æ–ø–∞—Ç–∫–∏ –∏–≥—Ä—É—à–µ—á–Ω—ã–µ,"32,00%",,,,,–ú–∞–∫—Å. –∏–∑ –Ω–∞—à–∏—Ö,–ö–æ—Ä–æ–±,"1,00",,,,,0,"0,00 ‚ÇΩ",,,,30,0,0,0,"0,00","0,00",,#N/A,,0‚ÇΩ,0‚ÇΩ,0‚ÇΩ,100%,0%,0%,–ò–ü –ò–≤–∞–Ω–æ–≤ –ò.–ò.,WB,FBS,0‚ÇΩ,0‚ÇΩ,#N/A,250‚ÇΩ,25%,1¬†000‚ÇΩ,#N/A,#N/A,0‚ÇΩ,,,,,"0,00","69,00",,,"50,00","119,00","69,00","320,00",#N/A,#N/A,#N/A,#N/A,#N/A,#N/A,#N/A
,FBS,–ù–∞–∑–≤–∞–Ω–∏–µ —Ç–æ–≤–∞—Ä–∞,FALSE,–ò–º—è,,0‚ÇΩ,1¬†000‚ÇΩ,0%,0%,,0,–õ–æ–ø–∞—Ç–∫–∏ –∏–≥—Ä—É—à–µ—á–Ω—ã–µ,"32,00%",,,,,–ú–∞–∫—Å. –∏–∑ –Ω–∞—à–∏—Ö,–ö–æ—Ä–æ–±,"1,00",,,,,0,"0,00 ‚ÇΩ",,,,30,0,0,0,"0,00","0,00",,#N/A,,0‚ÇΩ,0‚ÇΩ,0‚ÇΩ,100%,0%,0%,–ò–ü –ò–≤–∞–Ω–æ–≤ –ò.–ò.,WB,FBS,0‚ÇΩ,0‚ÇΩ,#N/A,250‚ÇΩ,25%,1¬†000‚ÇΩ,#N/A,#N/A,0‚ÇΩ,,,,,"0,00","69,00",,,"50,00","119,00","69,00","320,00",#N/A,#N/A,#N/A,#N/A,#N/A,#N/A,#N/A
,FBS,–ù–∞–∑–≤–∞–Ω–∏–µ —Ç–æ–≤–∞—Ä–∞,FALSE,–ò–º—è,,0‚ÇΩ,1¬†000‚ÇΩ,0%,0%,,0,–õ–æ–ø–∞—Ç–∫–∏ –∏–≥—Ä—É—à–µ—á–Ω—ã–µ,"32,00%",,,,,–ú–∞–∫—Å. –∏–∑ –Ω–∞—à–∏—Ö,–ö–æ—Ä–æ–±,"1,00",,,,,0,"0,00 ‚ÇΩ",,,,30,0,0,0,"0,00","0,00",,#N/A,,0‚ÇΩ,0‚ÇΩ,0‚ÇΩ,100%,0%,0%,–ò–ü –ò–≤–∞–Ω–æ–≤ –ò.–ò.,WB,FBS,0‚ÇΩ,0‚ÇΩ,#N/A,250‚ÇΩ,25%,1¬†000‚ÇΩ,#N/A,#N/A,0‚ÇΩ,,,,,"0,00","69,00",,,"50,00","119,00","69,00","320,00",#N/A,#N/A,#N/A,#N/A,#N/A,#N/A,#N/A
,FBS,–ù–∞–∑–≤–∞–Ω–∏–µ —Ç–æ–≤–∞—Ä–∞,FALSE,–ò–º—è,,0‚ÇΩ,1¬†000‚ÇΩ,0%,0%,,0,–õ–æ–ø–∞—Ç–∫–∏ –∏–≥—Ä—É—à–µ—á–Ω—ã–µ,"32,00%",,,,,–ú–∞–∫—Å. –∏–∑ –Ω–∞—à–∏—Ö,–ö–æ—Ä–æ–±,"1,00",,,,,0,"0,00 ‚ÇΩ",,,,30,0,0,0,"0,00","0,00",,#N/A,,0‚ÇΩ,0‚ÇΩ,0‚ÇΩ,100%,0%,0%,–ò–ü –ò–≤–∞–Ω–æ–≤ –ò.–ò.,WB,FBS,0‚ÇΩ,0‚ÇΩ,#N/A,250‚ÇΩ,25%,1¬†000‚ÇΩ,#N/A,#N/A,0‚ÇΩ,,,,,"0,00","69,00",,,"50,00","119,00","69,00","320,00",#N/A,#N/A,#N/A,#N/A,#N/A,#N/A,#N/A
,FBS,–ù–∞–∑–≤–∞–Ω–∏–µ —Ç–æ–≤–∞—Ä–∞,FALSE,–ò–º—è,,0‚ÇΩ,1¬†000‚ÇΩ,0%,0%,,0,–õ–æ–ø–∞—Ç–∫–∏ –∏–≥—Ä—É—à–µ—á–Ω—ã–µ,"32,00%",,,,,–ú–∞–∫—Å. –∏–∑ –Ω–∞—à–∏—Ö,–ö–æ—Ä–æ–±,"1,00",,,,,0,"0,00 ‚ÇΩ",,,,30,0,0,0,"0,00","0,00",,#N/A,,0‚ÇΩ,0‚ÇΩ,0‚ÇΩ,100%,0%,0%,–ò–ü –ò–≤–∞–Ω–æ–≤ –ò.–ò.,WB,FBS,0‚ÇΩ,0‚ÇΩ,#N/A,250‚ÇΩ,25%,1¬†000‚ÇΩ,#N/A,#N/A,0‚ÇΩ,,,,,"0,00","69,00",,,"50,00","119,00","69,00","320,00",#N/A,#N/A,#N/A,#N/A,#N/A,#N/A,#N/A
,FBS,–ù–∞–∑–≤–∞–Ω–∏–µ —Ç–æ–≤–∞—Ä–∞,FALSE,–ò–º—è,,0‚ÇΩ,1¬†000‚ÇΩ,0%,0%,,0,–õ–æ–ø–∞—Ç–∫–∏ –∏–≥—Ä—É—à–µ—á–Ω—ã–µ,"32,00%",,,,,–ú–∞–∫—Å. –∏–∑ –Ω–∞—à–∏—Ö,–ö–æ—Ä–æ–±,"1,00",,,,,0,"0,00 ‚ÇΩ",,,,30,0,0,0,"0,00","0,00",,#N/A,,0‚ÇΩ,0‚ÇΩ,0‚ÇΩ,100%,0%,0%,–ò–ü –ò–≤–∞–Ω–æ–≤ –ò.–ò.,WB,FBS,0‚ÇΩ,0‚ÇΩ,#N/A,250‚ÇΩ,25%,1¬†000‚ÇΩ,#N/A,#N/A,0‚ÇΩ,,,,,"0,00","69,00",,,"50,00","119,00","69,00","320,00",#N/A,#N/A,#N/A,#N/A,#N/A,#N/A,#N/A
,FBS,–ù–∞–∑–≤–∞–Ω–∏–µ —Ç–æ–≤–∞—Ä–∞,FALSE,–ò–º—è,,0‚ÇΩ,1¬†000‚ÇΩ,0%,0%,,0,–õ–æ–ø–∞—Ç–∫–∏ –∏–≥—Ä—É—à–µ—á–Ω—ã–µ,"32,00%",,,,,–ú–∞–∫—Å. –∏–∑ –Ω–∞—à–∏—Ö,–ö–æ—Ä–æ–±,"1,00",,,,,0,"0,00 ‚ÇΩ",,,,30,0,0,0,"0,00","0,00",,#N/A,,0‚ÇΩ,0‚ÇΩ,0‚ÇΩ,100%,0%,0%,–ò–ü –ò–≤–∞–Ω–æ–≤ –ò.–ò.,WB,FBS,0‚ÇΩ,0‚ÇΩ,#N/A,250‚ÇΩ,25%,1¬†000‚ÇΩ,#N/A,#N/A,0‚ÇΩ,,,,,"0,00","69,00",,,"50,00","119,00","69,00","320,00",#N/A,#N/A,#N/A,#N/A,#N/A,#N/A,#N/A
,FBS,–ù–∞–∑–≤–∞–Ω–∏–µ —Ç–æ–≤–∞—Ä–∞,FALSE,–ò–º—è,,0‚ÇΩ,1¬†000‚ÇΩ,0%,0%,,0,–õ–æ–ø–∞—Ç–∫–∏ –∏–≥—Ä—É—à–µ—á–Ω—ã–µ,"32,00%",,,,,–ú–∞–∫—Å. –∏–∑ –Ω–∞—à–∏—Ö,–ö–æ—Ä–æ–±,"1,00",,,,,0,"0,00 ‚ÇΩ",,,,30,0,0,0,"0,00","0,00",,#N/A,,0‚ÇΩ,0‚ÇΩ,0‚ÇΩ,100%,0%,0%,–ò–ü –ò–≤–∞–Ω–æ–≤ –ò.–ò.,WB,FBS,0‚ÇΩ,0‚ÇΩ,#N/A,250‚ÇΩ,25%,1¬†000‚ÇΩ,#N/A,#N/A,0‚ÇΩ,,,,,"0,00","69,00",,,"50,00","119,00","69,00","320,00",#N/A,#N/A,#N/A,#N/A,#N/A,#N/A,#N/A
,FBS,–ù–∞–∑–≤–∞–Ω–∏–µ —Ç–æ–≤–∞—Ä–∞,FALSE,–ò–º—è,,0‚ÇΩ,1¬†000‚ÇΩ,0%,0%,,0,–õ–æ–ø–∞—Ç–∫–∏ –∏–≥—Ä—É—à–µ—á–Ω—ã–µ,"32,00%",,,,,–ú–∞–∫—Å. –∏–∑ –Ω–∞—à–∏—Ö,–ö–æ—Ä–æ–±,"1,00",,,,,0,"0,00 ‚ÇΩ",,,,30,0,0,0,"0,00","0,00",,#N/A,,0‚ÇΩ,0‚ÇΩ,0‚ÇΩ,100%,0%,0%,–ò–ü –ò–≤–∞–Ω–æ–≤ –ò.–ò.,WB,FBS,0‚ÇΩ,0‚ÇΩ,#N/A,250‚ÇΩ,25%,1¬†000‚ÇΩ,#N/A,#N/A,0‚ÇΩ,,,,,"0,00","69,00",,,"50,00","119,00","69,00","320,00",#N/A,#N/A,#N/A,#N/A,#N/A,#N/A,#N/A
,FBS,–ù–∞–∑–≤–∞–Ω–∏–µ —Ç–æ–≤–∞—Ä–∞,FALSE,–ò–º—è,,0‚ÇΩ,1¬†000‚ÇΩ,0%,0%,,0,–õ–æ–ø–∞—Ç–∫–∏ –∏–≥—Ä—É—à–µ—á–Ω—ã–µ,"32,00%",,,,,–ú–∞–∫—Å. –∏–∑ –Ω–∞—à–∏—Ö,–ö–æ—Ä–æ–±,"1,00",,,,,0,"0,00 ‚ÇΩ",,,,30,0,0,0,"0,00","0,00",,#N/A,,0‚ÇΩ,0‚ÇΩ,0‚ÇΩ,100%,0%,0%,–ò–ü –ò–≤–∞–Ω–æ–≤ –ò.–ò.,WB,FBS,0‚ÇΩ,0‚ÇΩ,#N/A,250‚ÇΩ,25%,1¬†000‚ÇΩ,#N/A,#N/A,0‚ÇΩ,,,,,"0,00","69,00",,,"50,00","119,00","69,00","320,00",#N/A,#N/A,#N/A,#N/A,#N/A,#N/A,#N/A
,FBS,–ù–∞–∑–≤–∞–Ω–∏–µ —Ç–æ–≤–∞—Ä–∞,FALSE,–ò–º—è,,0‚ÇΩ,1¬†000‚ÇΩ,0%,0%,,0,–õ–æ–ø–∞—Ç–∫–∏ –∏–≥—Ä—É—à–µ—á–Ω—ã–µ,"32,00%",,,,,–ú–∞–∫—Å. –∏–∑ –Ω–∞—à–∏—Ö,–ö–æ—Ä–æ–±,"1,00",,,,,0,"0,00 ‚ÇΩ",,,,30,0,0,0,"0,00","0,00",,#N/A,,0‚ÇΩ,0‚ÇΩ,0‚ÇΩ,100%,0%,0%,–ò–ü –ò–≤–∞–Ω–æ–≤ –ò.–ò.,WB,FBS,0‚ÇΩ,0‚ÇΩ,#N/A,250‚ÇΩ,25%,1¬†000‚ÇΩ,#N/A,#N/A,0‚ÇΩ,,,,,"0,00","69,00",,,"50,00","119,00","69,00","320,00",#N/A,#N/A,#N/A,#N/A,#N/A,#N/A,#N/A
,FBS,–ù–∞–∑–≤–∞–Ω–∏–µ —Ç–æ–≤–∞—Ä–∞,FALSE,–ò–º—è,,0‚ÇΩ,1¬†000‚ÇΩ,0%,0%,,0,–õ–æ–ø–∞—Ç–∫–∏ –∏–≥—Ä—É—à–µ—á–Ω—ã–µ,"32,00%",,,,,–ú–∞–∫—Å. –∏–∑ –Ω–∞—à–∏—Ö,–ö–æ—Ä–æ–±,"1,00",,,,,0,"0,00 ‚ÇΩ",,,,30,0,0,0,"0,00","0,00",,#N/A,,0‚ÇΩ,0‚ÇΩ,0‚ÇΩ,100%,0%,0%,–ò–ü –ò–≤–∞–Ω–æ–≤ –ò.–ò.,WB,FBS,0‚ÇΩ,0‚ÇΩ,#N/A,250‚ÇΩ,25%,1¬†000‚ÇΩ,#N/A,#N/A,0‚ÇΩ,,,,,"0,00","69,00",,,"50,00","119,00","69,00","320,00",#N/A,#N/A,#N/A,#N/A,#N/A,#N/A,#N/A
,FBS,–ù–∞–∑–≤–∞–Ω–∏–µ —Ç–æ–≤–∞—Ä–∞,FALSE,–ò–º—è,,0‚ÇΩ,1¬†000‚ÇΩ,0%,0%,,0,–õ–æ–ø–∞—Ç–∫–∏ –∏–≥—Ä—É—à–µ—á–Ω—ã–µ,"32,00%",,,,,–ú–∞–∫—Å. –∏–∑ –Ω–∞—à–∏—Ö,–ö–æ—Ä–æ–±,"1,00",,,,,0,"0,00 ‚ÇΩ",,,,30,0,0,0,"0,00","0,00",,#N/A,,0‚ÇΩ,0‚ÇΩ,0‚ÇΩ,100%,0%,0%,–ò–ü –ò–≤–∞–Ω–æ–≤ –ò.–ò.,WB,FBS,0‚ÇΩ,0‚ÇΩ,#N/A,250‚ÇΩ,25%,1¬†000‚ÇΩ,#N/A,#N/A,0‚ÇΩ,,,,,"0,00","69,00",,,"50,00","119,00","69,00","320,00",#N/A,#N/A,#N/A,#N/A,#N/A,#N/A,#N/A
,FBS,–ù–∞–∑–≤–∞–Ω–∏–µ —Ç–æ–≤–∞—Ä–∞,FALSE,–ò–º—è,,0‚ÇΩ,1¬†000‚ÇΩ,0%,0%,,0,–õ–æ–ø–∞—Ç–∫–∏ –∏–≥—Ä—É—à–µ—á–Ω—ã–µ,"32,00%",,,,,–ú–∞–∫—Å. –∏–∑ –Ω–∞—à–∏—Ö,–ö–æ—Ä–æ–±,"1,00",,,,,0,"0,00 ‚ÇΩ",,,,30,0,0,0,"0,00","0,00",,#N/A,,0‚ÇΩ,0‚ÇΩ,0‚ÇΩ,100%,0%,0%,–ò–ü –ò–≤–∞–Ω–æ–≤ –ò.–ò.,WB,FBS,0‚ÇΩ,0‚ÇΩ,#N/A,250‚ÇΩ,25%,1¬†000‚ÇΩ,#N/A,#N/A,0‚ÇΩ,,,,,"0,00","69,00",,,"50,00","119,00","69,00","320,00",#N/A,#N/A,#N/A,#N/A,#N/A,#N/A,#N/A
,FBS,–ù–∞–∑–≤–∞–Ω–∏–µ —Ç–æ–≤–∞—Ä–∞,FALSE,–ò–º—è,,0‚ÇΩ,1¬†000‚ÇΩ,0%,0%,,0,–õ–æ–ø–∞—Ç–∫–∏ –∏–≥—Ä—É—à–µ—á–Ω—ã–µ,"32,00%",,,,,–ú–∞–∫—Å. –∏–∑ –Ω–∞—à–∏—Ö,–ö–æ—Ä–æ–±,"1,00",,,,,0,"0,00 ‚ÇΩ",,,,30,0,0,0,"0,00","0,00",,#N/A,,0‚ÇΩ,0‚ÇΩ,0‚ÇΩ,100%,0%,0%,–ò–ü –ò–≤–∞–Ω–æ–≤ –ò.–ò.,WB,FBS,0‚ÇΩ,0‚ÇΩ,#N/A,250‚ÇΩ,25%,1¬†000‚ÇΩ,#N/A,#N/A,0‚ÇΩ,,,,,"0,00","69,00",,,"50,00","119,00","69,00","320,00",#N/A,#N/A,#N/A,#N/A,#N/A,#N/A,#N/A
,FBS,–ù–∞–∑–≤–∞–Ω–∏–µ —Ç–æ–≤–∞—Ä–∞,FALSE,–ò–º—è,,0‚ÇΩ,1¬†000‚ÇΩ,0%,0%,,0,–õ–æ–ø–∞—Ç–∫–∏ –∏–≥—Ä—É—à–µ—á–Ω—ã–µ,"32,00%",,,,,–ú–∞–∫—Å. –∏–∑ –Ω–∞—à–∏—Ö,–ö–æ—Ä–æ–±,"1,00",,,,,0,"0,00 ‚ÇΩ",,,,30,0,0,0,"0,00","0,00",,#N/A,,0‚ÇΩ,0‚ÇΩ,0‚ÇΩ,100%,0%,0%,–ò–ü –ò–≤–∞–Ω–æ–≤ –ò.–ò.,WB,FBS,0‚ÇΩ,0‚ÇΩ,#N/A,250‚ÇΩ,25%,1¬†000‚ÇΩ,#N/A,#N/A,0‚ÇΩ,,,,,"0,00","69,00",,,"50,00","119,00","69,00","320,00",#N/A,#N/A,#N/A,#N/A,#N/A,#N/A,#N/A
,FBS,–ù–∞–∑–≤–∞–Ω–∏–µ —Ç–æ–≤–∞—Ä–∞,FALSE,–ò–º—è,,0‚ÇΩ,1¬†000‚ÇΩ,0%,0%,,0,–õ–æ–ø–∞—Ç–∫–∏ –∏–≥—Ä—É—à–µ—á–Ω—ã–µ,"32,00%",,,,,–ú–∞–∫—Å. –∏–∑ –Ω–∞—à–∏—Ö,–ö–æ—Ä–æ–±,"1,00",,,,,0,"0,00 ‚ÇΩ",,,,30,0,0,0,"0,00","0,00",,#N/A,,0‚ÇΩ,0‚ÇΩ,0‚ÇΩ,100%,0%,0%,–ò–ü –ò–≤–∞–Ω–æ–≤ –ò.–ò.,WB,FBS,0‚ÇΩ,0‚ÇΩ,#N/A,250‚ÇΩ,25%,1¬†000‚ÇΩ,#N/A,#N/A,0‚ÇΩ,,,,,"0,00","69,00",,,"50,00","119,00","69,00","320,00",#N/A,#N/A,#N/A,#N/A,#N/A,#N/A,#N/A
,FBS,–ù–∞–∑–≤–∞–Ω–∏–µ —Ç–æ–≤–∞—Ä–∞,FALSE,–ò–º—è,,0‚ÇΩ,1¬†000‚ÇΩ,0%,0%,,0,–õ–æ–ø–∞—Ç–∫–∏ –∏–≥—Ä—É—à–µ—á–Ω—ã–µ,"32,00%",,,,,–ú–∞–∫—Å. –∏–∑ –Ω–∞—à–∏—Ö,–ö–æ—Ä–æ–±,"1,00",,,,,0,"0,00 ‚ÇΩ",,,,30,0,0,0,"0,00","0,00",,#N/A,,0‚ÇΩ,0‚ÇΩ,0‚ÇΩ,100%,0%,0%,–ò–ü –ò–≤–∞–Ω–æ–≤ –ò.–ò.,WB,FBS,0‚ÇΩ,0‚ÇΩ,#N/A,250‚ÇΩ,25%,1¬†000‚ÇΩ,#N/A,#N/A,0‚ÇΩ,,,,,"0,00","69,00",,,"50,00","119,00","69,00","320,00",#N/A,#N/A,#N/A,#N/A,#N/A,#N/A,#N/A
,FBS,–ù–∞–∑–≤–∞–Ω–∏–µ —Ç–æ–≤–∞—Ä–∞,FALSE,–ò–º—è,,0‚ÇΩ,1¬†000‚ÇΩ,0%,0%,,0,–õ–æ–ø–∞—Ç–∫–∏ –∏–≥—Ä—É—à–µ—á–Ω—ã–µ,"32,00%",,,,,–ú–∞–∫—Å. –∏–∑ –Ω–∞—à–∏—Ö,–ö–æ—Ä–æ–±,"1,00",,,,,0,"0,00 ‚ÇΩ",,,,30,0,0,0,"0,00","0,00",,#N/A,,0‚ÇΩ,0‚ÇΩ,0‚ÇΩ,100%,0%,0%,–ò–ü –ò–≤–∞–Ω–æ–≤ –ò.–ò.,WB,FBS,0‚ÇΩ,0‚ÇΩ,#N/A,250‚ÇΩ,25%,1¬†000‚ÇΩ,#N/A,#N/A,0‚ÇΩ,,,,,"0,00","69,00",,,"50,00","119,00","69,00","320,00",#N/A,#N/A,#N/A,#N/A,#N/A,#N/A,#N/A
,FBS,–ù–∞–∑–≤–∞–Ω–∏–µ —Ç–æ–≤–∞—Ä–∞,FALSE,–ò–º—è,,0‚ÇΩ,1¬†000‚ÇΩ,0%,0%,,0,–õ–æ–ø–∞—Ç–∫–∏ –∏–≥—Ä—É—à–µ—á–Ω—ã–µ,"32,00%",,,,,–ú–∞–∫—Å. –∏–∑ –Ω–∞—à–∏—Ö,–ö–æ—Ä–æ–±,"1,00",,,,,0,"0,00 ‚ÇΩ",,,,30,0,0,0,"0,00","0,00",,#N/A,,0‚ÇΩ,0‚ÇΩ,0‚ÇΩ,100%,0%,0%,–ò–ü –ò–≤–∞–Ω–æ–≤ –ò.–ò.,WB,FBS,0‚ÇΩ,0‚ÇΩ,#N/A,250‚ÇΩ,25%,1¬†000‚ÇΩ,#N/A,#N/A,0‚ÇΩ,,,,,"0,00","69,00",,,"50,00","119,00","69,00","320,00",#N/A,#N/A,#N/A,#N/A,#N/A,#N/A,#N/A
,FBS,–ù–∞–∑–≤–∞–Ω–∏–µ —Ç–æ–≤–∞—Ä–∞,FALSE,–ò–º—è,,0‚ÇΩ,1¬†000‚ÇΩ,0%,0%,,0,–õ–æ–ø–∞—Ç–∫–∏ –∏–≥—Ä—É—à–µ—á–Ω—ã–µ,"32,00%",,,,,–ú–∞–∫—Å. –∏–∑ –Ω–∞—à–∏—Ö,–ö–æ—Ä–æ–±,"1,00",,,,,0,"0,00 ‚ÇΩ",,,,30,0,0,0,"0,00","0,00",,#N/A,,0‚ÇΩ,0‚ÇΩ,0‚ÇΩ,100%,0%,0%,–ò–ü –ò–≤–∞–Ω–æ–≤ –ò.–ò.,WB,FBS,0‚ÇΩ,0‚ÇΩ,#N/A,250‚ÇΩ,25%,1¬†000‚ÇΩ,#N/A,#N/A,0‚ÇΩ,,,,,"0,00","69,00",,,"50,00","119,00","69,00","320,00",#N/A,#N/A,#N/A,#N/A,#N/A,#N/A,#N/A
,FBS,–ù–∞–∑–≤–∞–Ω–∏–µ —Ç–æ–≤–∞—Ä–∞,FALSE,–ò–º—è,,0‚ÇΩ,1¬†000‚ÇΩ,0%,0%,,0,–õ–æ–ø–∞—Ç–∫–∏ –∏–≥—Ä—É—à–µ—á–Ω—ã–µ,"32,00%",,,,,–ú–∞–∫—Å. –∏–∑ –Ω–∞—à–∏—Ö,–ö–æ—Ä–æ–±,"1,00",,,,,0,"0,00 ‚ÇΩ",,,,30,0,0,0,"0,00","0,00",,#N/A,,0‚ÇΩ,0‚ÇΩ,0‚ÇΩ,100%,0%,0%,–ò–ü –ò–≤–∞–Ω–æ–≤ –ò.–ò.,WB,FBS,0‚ÇΩ,0‚ÇΩ,#N/A,250‚ÇΩ,25%,1¬†000‚ÇΩ,#N/A,#N/A,0‚ÇΩ,,,,,"0,00","69,00",,,"50,00","119,00","69,00","320,00",#N/A,#N/A,#N/A,#N/A,#N/A,#N/A,#N/A
,FBS,–ù–∞–∑–≤–∞–Ω–∏–µ —Ç–æ–≤–∞—Ä–∞,FALSE,–ò–º—è,,0‚ÇΩ,1¬†000‚ÇΩ,0%,0%,,0,–õ–æ–ø–∞—Ç–∫–∏ –∏–≥—Ä—É—à–µ—á–Ω—ã–µ,"32,00%",,,,,–ú–∞–∫—Å. –∏–∑ –Ω–∞—à–∏—Ö,–ö–æ—Ä–æ–±,"1,00",,,,,0,"0,00 ‚ÇΩ",,,,30,0,0,0,"0,00","0,00",,#N/A,,0‚ÇΩ,0‚ÇΩ,0‚ÇΩ,100%,0%,0%,–ò–ü –ò–≤–∞–Ω–æ–≤ –ò.–ò.,WB,FBS,0‚ÇΩ,0‚ÇΩ,#N/A,250‚ÇΩ,25%,1¬†000‚ÇΩ,#N/A,#N/A,0‚ÇΩ,,,,,"0,00","69,00",,,"50,00","119,00","69,00","320,00",#N/A,#N/A,#N/A,#N/A,#N/A,#N/A,#N/A
,FBS,–ù–∞–∑–≤–∞–Ω–∏–µ —Ç–æ–≤–∞—Ä–∞,FALSE,–ò–º—è,,0‚ÇΩ,1¬†000‚ÇΩ,0%,0%,,0,–õ–æ–ø–∞—Ç–∫–∏ –∏–≥—Ä—É—à–µ—á–Ω—ã–µ,"32,00%",,,,,–ú–∞–∫—Å. –∏–∑ –Ω–∞—à–∏—Ö,–ö–æ—Ä–æ–±,"1,00",,,,,0,"0,00 ‚ÇΩ",,,,30,0,0,0,"0,00","0,00",,#N/A,,0‚ÇΩ,0‚ÇΩ,0‚ÇΩ,100%,0%,0%,–ò–ü –ò–≤–∞–Ω–æ–≤ –ò.–ò.,WB,FBS,0‚ÇΩ,0‚ÇΩ,#N/A,250‚ÇΩ,25%,1¬†000‚ÇΩ,#N/A,#N/A,0‚ÇΩ,,,,,"0,00","69,00",,,"50,00","119,00","69,00","320,00",#N/A,#N/A,#N/A,#N/A,#N/A,#N/A,#N/A
,FBS,–ù–∞–∑–≤–∞–Ω–∏–µ —Ç–æ–≤–∞—Ä–∞,FALSE,–ò–º—è,,0‚ÇΩ,1¬†000‚ÇΩ,0%,0%,,0,–õ–æ–ø–∞—Ç–∫–∏ –∏–≥—Ä—É—à–µ—á–Ω—ã–µ,"32,00%",,,,,–ú–∞–∫—Å. –∏–∑ –Ω–∞—à–∏—Ö,–ö–æ—Ä–æ–±,"1,00",,,,,0,"0,00 ‚ÇΩ",,,,30,0,0,0,"0,00","0,00",,#N/A,,0‚ÇΩ,0‚ÇΩ,0‚ÇΩ,100%,0%,0%,–ò–ü –ò–≤–∞–Ω–æ–≤ –ò.–ò.,WB,FBS,0‚ÇΩ,0‚ÇΩ,#N/A,250‚ÇΩ,25%,1¬†000‚ÇΩ,#N/A,#N/A,0‚ÇΩ,,,,,"0,00","69,00",,,"50,00","119,00","69,00","320,00",#N/A,#N/A,#N/A,#N/A,#N/A,#N/A,#N/A
,FBS,–ù–∞–∑–≤–∞–Ω–∏–µ —Ç–æ–≤–∞—Ä–∞,FALSE,–ò–º—è,,0‚ÇΩ,1¬†000‚ÇΩ,0%,0%,,0,–õ–æ–ø–∞—Ç–∫–∏ –∏–≥—Ä—É—à–µ—á–Ω—ã–µ,"32,00%",,,,,–ú–∞–∫—Å. –∏–∑ –Ω–∞—à–∏—Ö,–ö–æ—Ä–æ–±,"1,00",,,,,0,"0,00 ‚ÇΩ",,,,30,0,0,0,"0,00","0,00",,#N/A,,0‚ÇΩ,0‚ÇΩ,0‚ÇΩ,100%,0%,0%,–ò–ü –ò–≤–∞–Ω–æ–≤ –ò.–ò.,WB,FBS,0‚ÇΩ,0‚ÇΩ,#N/A,250‚ÇΩ,25%,1¬†000‚ÇΩ,#N/A,#N/A,0‚ÇΩ,,,,,"0,00","69,00",,,"50,00","119,00","69,00","320,00",#N/A,#N/A,#N/A,#N/A,#N/A,#N/A,#N/A
,FBS,–ù–∞–∑–≤–∞–Ω–∏–µ —Ç–æ–≤–∞—Ä–∞,FALSE,–ò–º—è,,0‚ÇΩ,1¬†000‚ÇΩ,0%,0%,,0,–õ–æ–ø–∞—Ç–∫–∏ –∏–≥—Ä—É—à–µ—á–Ω—ã–µ,"32,00%",,,,,–ú–∞–∫—Å. –∏–∑ –Ω–∞—à–∏—Ö,–ö–æ—Ä–æ–±,"1,00",,,,,0,"0,00 ‚ÇΩ",,,,30,0,0,0,"0,00","0,00",,#N/A,,0‚ÇΩ,0‚ÇΩ,0‚ÇΩ,100%,0%,0%,–ò–ü –ò–≤–∞–Ω–æ–≤ –ò.–ò.,WB,FBS,0‚ÇΩ,0‚ÇΩ,#N/A,250‚ÇΩ,25%,1¬†000‚ÇΩ,#N/A,#N/A,0‚ÇΩ,,,,,"0,00","69,00",,,"50,00","119,00","69,00","320,00",#N/A,#N/A,#N/A,#N/A,#N/A,#N/A,#N/A
,FBS,–ù–∞–∑–≤–∞–Ω–∏–µ —Ç–æ–≤–∞—Ä–∞,FALSE,–ò–º—è,,0‚ÇΩ,1¬†000‚ÇΩ,0%,0%,,0,–õ–æ–ø–∞—Ç–∫–∏ –∏–≥—Ä—É—à–µ—á–Ω—ã–µ,"32,00%",,,,,–ú–∞–∫—Å. –∏–∑ –Ω–∞—à–∏—Ö,–ö–æ—Ä–æ–±,"1,00",,,,,0,"0,00 ‚ÇΩ",,,,30,0,0,0,"0,00","0,00",,#N/A,,0‚ÇΩ,0‚ÇΩ,0‚ÇΩ,100%,0%,0%,–ò–ü –ò–≤–∞–Ω–æ–≤ –ò.–ò.,WB,FBS,0‚ÇΩ,0‚ÇΩ,#N/A,250‚ÇΩ,25%,1¬†000‚ÇΩ,#N/A,#N/A,0‚ÇΩ,,,,,"0,00","69,00",,,"50,00","119,00","69,00","320,00",#N/A,#N/A,#N/A,#N/A,#N/A,#N/A,#N/A
,FBS,–ù–∞–∑–≤–∞–Ω–∏–µ —Ç–æ–≤–∞—Ä–∞,FALSE,–ò–º—è,,0‚ÇΩ,1¬†000‚ÇΩ,0%,0%,,0,–õ–æ–ø–∞—Ç–∫–∏ –∏–≥—Ä—É—à–µ—á–Ω—ã–µ,"32,00%",,,,,–ú–∞–∫—Å. –∏–∑ –Ω–∞—à–∏—Ö,–ö–æ—Ä–æ–±,"1,00",,,,,0,"0,00 ‚ÇΩ",,,,30,0,0,0,"0,00","0,00",,#N/A,,0‚ÇΩ,0‚ÇΩ,0‚ÇΩ,100%,0%,0%,–ò–ü –ò–≤–∞–Ω–æ–≤ –ò.–ò.,WB,FBS,0‚ÇΩ,0‚ÇΩ,#N/A,250‚ÇΩ,25%,1¬†000‚ÇΩ,#N/A,#N/A,0‚ÇΩ,,,,,"0,00","69,00",,,"50,00","119,00","69,00","320,00",#N/A,#N/A,#N/A,#N/A,#N/A,#N/A,#N/A
,FBS,–ù–∞–∑–≤–∞–Ω–∏–µ —Ç–æ–≤–∞—Ä–∞,FALSE,–ò–º—è,,0‚ÇΩ,1¬†000‚ÇΩ,0%,0%,,0,–õ–æ–ø–∞—Ç–∫–∏ –∏–≥—Ä—É—à–µ—á–Ω—ã–µ,"32,00%",,,,,–ú–∞–∫—Å. –∏–∑ –Ω–∞—à–∏—Ö,–ö–æ—Ä–æ–±,"1,00",,,,,0,"0,00 ‚ÇΩ",,,,30,0,0,0,"0,00","0,00",,#N/A,,0‚ÇΩ,0‚ÇΩ,0‚ÇΩ,100%,0%,0%,–ò–ü –ò–≤–∞–Ω–æ–≤ –ò.–ò.,WB,FBS,0‚ÇΩ,0‚ÇΩ,#N/A,250‚ÇΩ,25%,1¬†000‚ÇΩ,#N/A,#N/A,0‚ÇΩ,,,,,"0,00","69,00",,,"50,00","119,00","69,00","320,00",#N/A,#N/A,#N/A,#N/A,#N/A,#N/A,#N/A
,FBS,–ù–∞–∑–≤–∞–Ω–∏–µ —Ç–æ–≤–∞—Ä–∞,FALSE,–ò–º—è,,0‚ÇΩ,1¬†000‚ÇΩ,0%,0%,,0,–õ–æ–ø–∞—Ç–∫–∏ –∏–≥—Ä—É—à–µ—á–Ω—ã–µ,"32,00%",,,,,–ú–∞–∫—Å. –∏–∑ –Ω–∞—à–∏—Ö,–ö–æ—Ä–æ–±,"1,00",,,,,0,"0,00 ‚ÇΩ",,,,30,0,0,0,"0,00","0,00",,#N/A,,0‚ÇΩ,0‚ÇΩ,0‚ÇΩ,100%,0%,0%,–ò–ü –ò–≤–∞–Ω–æ–≤ –ò.–ò.,WB,FBS,0‚ÇΩ,0‚ÇΩ,#N/A,250‚ÇΩ,25%,1¬†000‚ÇΩ,#N/A,#N/A,0‚ÇΩ,,,,,"0,00","69,00",,,"50,00","119,00","69,00","320,00",#N/A,#N/A,#N/A,#N/A,#N/A,#N/A,#N/A
,FBS,–ù–∞–∑–≤–∞–Ω–∏–µ —Ç–æ–≤–∞—Ä–∞,FALSE,–ò–º—è,,0‚ÇΩ,1¬†000‚ÇΩ,0%,0%,,0,–õ–æ–ø–∞—Ç–∫–∏ –∏–≥—Ä—É—à–µ—á–Ω—ã–µ,"32,00%",,,,,–ú–∞–∫—Å. –∏–∑ –Ω–∞—à–∏—Ö,–ö–æ—Ä–æ–±,"1,00",,,,,0,"0,00 ‚ÇΩ",,,,30,0,0,0,"0,00","0,00",,#N/A,,0‚ÇΩ,0‚ÇΩ,0‚ÇΩ,100%,0%,0%,–ò–ü –ò–≤–∞–Ω–æ–≤ –ò.–ò.,WB,FBS,0‚ÇΩ,0‚ÇΩ,#N/A,250‚ÇΩ,25%,1¬†000‚ÇΩ,#N/A,#N/A,0‚ÇΩ,,,,,"0,00","69,00",,,"50,00","119,00","69,00","320,00",#N/A,#N/A,#N/A,#N/A,#N/A,#N/A,#N/A
,FBS,–ù–∞–∑–≤–∞–Ω–∏–µ —Ç–æ–≤–∞—Ä–∞,FALSE,–ò–º—è,,0‚ÇΩ,1¬†000‚ÇΩ,0%,0%,,0,–õ–æ–ø–∞—Ç–∫–∏ –∏–≥—Ä—É—à–µ—á–Ω—ã–µ,"32,00%",,,,,–ú–∞–∫—Å. –∏–∑ –Ω–∞—à–∏—Ö,–ö–æ—Ä–æ–±,"1,00",,,,,0,"0,00 ‚ÇΩ",,,,30,0,0,0,"0,00","0,00",,#N/A,,0‚ÇΩ,0‚ÇΩ,0‚ÇΩ,100%,0%,0%,–ò–ü –ò–≤–∞–Ω–æ–≤ –ò.–ò.,WB,FBS,0‚ÇΩ,0‚ÇΩ,#N/A,250‚ÇΩ,25%,1¬†000‚ÇΩ,#N/A,#N/A,0‚ÇΩ,,,,,"0,00","69,00",,,"50,00","119,00","69,00","320,00",#N/A,#N/A,#N/A,#N/A,#N/A,#N/A,#N/A
,FBS,–ù–∞–∑–≤–∞–Ω–∏–µ —Ç–æ–≤–∞—Ä–∞,FALSE,–ò–º—è,,0‚ÇΩ,1¬†000‚ÇΩ,0%,0%,,0,–õ–æ–ø–∞—Ç–∫–∏ –∏–≥—Ä—É—à–µ—á–Ω—ã–µ,"32,00%",,,,,–ú–∞–∫—Å. –∏–∑ –Ω–∞—à–∏—Ö,–ö–æ—Ä–æ–±,"1,00",,,,,0,"0,00 ‚ÇΩ",,,,30,0,0,0,"0,00","0,00",,#N/A,,0‚ÇΩ,0‚ÇΩ,0‚ÇΩ,100%,0%,0%,–ò–ü –ò–≤–∞–Ω–æ–≤ –ò.–ò.,WB,FBS,0‚ÇΩ,0‚ÇΩ,#N/A,250‚ÇΩ,25%,1¬†000‚ÇΩ,#N/A,#N/A,0‚ÇΩ,,,,,"0,00","69,00",,,"50,00","119,00","69,00","320,00",#N/A,#N/A,#N/A,#N/A,#N/A,#N/A,#N/A
,FBS,–ù–∞–∑–≤–∞–Ω–∏–µ —Ç–æ–≤–∞—Ä–∞,FALSE,–ò–º—è,,0‚ÇΩ,1¬†000‚ÇΩ,0%,0%,,0,–õ–æ–ø–∞—Ç–∫–∏ –∏–≥—Ä—É—à–µ—á–Ω—ã–µ,"32,00%",,,,,–ú–∞–∫—Å. –∏–∑ –Ω–∞—à–∏—Ö,–ö–æ—Ä–æ–±,"1,00",,,,,0,"0,00 ‚ÇΩ",,,,30,0,0,0,"0,00","0,00",,#N/A,,0‚ÇΩ,0‚ÇΩ,0‚ÇΩ,100%,0%,0%,–ò–ü –ò–≤–∞–Ω–æ–≤ –ò.–ò.,WB,FBS,0‚ÇΩ,0‚ÇΩ,#N/A,250‚ÇΩ,25%,1¬†000‚ÇΩ,#N/A,#N/A,0‚ÇΩ,,,,,"0,00","69,00",,,"50,00","119,00","69,00","320,00",#N/A,#N/A,#N/A,#N/A,#N/A,#N/A,#N/A
,FBS,–ù–∞–∑–≤–∞–Ω–∏–µ —Ç–æ–≤–∞—Ä–∞,FALSE,–ò–º—è,,0‚ÇΩ,1¬†000‚ÇΩ,0%,0%,,0,–õ–æ–ø–∞—Ç–∫–∏ –∏–≥—Ä—É—à–µ—á–Ω—ã–µ,"32,00%",,,,,–ú–∞–∫—Å. –∏–∑ –Ω–∞—à–∏—Ö,–ö–æ—Ä–æ–±,"1,00",,,,,0,"0,00 ‚ÇΩ",,,,30,0,0,0,"0,00","0,00",,#N/A,,0‚ÇΩ,0‚ÇΩ,0‚ÇΩ,100%,0%,0%,–ò–ü –ò–≤–∞–Ω–æ–≤ –ò.–ò.,WB,FBS,0‚ÇΩ,0‚ÇΩ,#N/A,250‚ÇΩ,25%,1¬†000‚ÇΩ,#N/A,#N/A,0‚ÇΩ,,,,,"0,00","69,00",,,"50,00","119,00","69,00","320,00",#N/A,#N/A,#N/A,#N/A,#N/A,#N/A,#N/A
,FBS,–ù–∞–∑–≤–∞–Ω–∏–µ —Ç–æ–≤–∞—Ä–∞,FALSE,–ò–º—è,,0‚ÇΩ,1¬†000‚ÇΩ,0%,0%,,0,–õ–æ–ø–∞—Ç–∫–∏ –∏–≥—Ä—É—à–µ—á–Ω—ã–µ,"32,00%",,,,,–ú–∞–∫—Å. –∏–∑ –Ω–∞—à–∏—Ö,–ö–æ—Ä–æ–±,"1,00",,,,,0,"0,00 ‚ÇΩ",,,,30,0,0,0,"0,00","0,00",,#N/A,,0‚ÇΩ,0‚ÇΩ,0‚ÇΩ,100%,0%,0%,–ò–ü –ò–≤–∞–Ω–æ–≤ –ò.–ò.,WB,FBS,0‚ÇΩ,0‚ÇΩ,#N/A,250‚ÇΩ,25%,1¬†000‚ÇΩ,#N/A,#N/A,0‚ÇΩ,,,,,"0,00","69,00",,,"50,00","119,00","69,00","320,00",#N/A,#N/A,#N/A,#N/A,#N/A,#N/A,#N/A
,FBS,–ù–∞–∑–≤–∞–Ω–∏–µ —Ç–æ–≤–∞—Ä–∞,FALSE,–ò–º—è,,0‚ÇΩ,1¬†000‚ÇΩ,0%,0%,,0,–õ–æ–ø–∞—Ç–∫–∏ –∏–≥—Ä—É—à–µ—á–Ω—ã–µ,"32,00%",,,,,–ú–∞–∫—Å. –∏–∑ –Ω–∞—à–∏—Ö,–ö–æ—Ä–æ–±,"1,00",,,,,0,"0,00 ‚ÇΩ",,,,30,0,0,0,"0,00","0,00",,#N/A,,0‚ÇΩ,0‚ÇΩ,0‚ÇΩ,100%,0%,0%,–ò–ü –ò–≤–∞–Ω–æ–≤ –ò.–ò.,WB,FBS,0‚ÇΩ,0‚ÇΩ,#N/A,250‚ÇΩ,25%,1¬†000‚ÇΩ,#N/A,#N/A,0‚ÇΩ,,,,,"0,00","69,00",,,"50,00","119,00","69,00","320,00",#N/A,#N/A,#N/A,#N/A,#N/A,#N/A,#N/A
,FBS,–ù–∞–∑–≤–∞–Ω–∏–µ —Ç–æ–≤–∞—Ä–∞,FALSE,–ò–º—è,,0‚ÇΩ,1¬†000‚ÇΩ,0%,0%,,0,–õ–æ–ø–∞—Ç–∫–∏ –∏–≥—Ä—É—à–µ—á–Ω—ã–µ,"32,00%",,,,,–ú–∞–∫—Å. –∏–∑ –Ω–∞—à–∏—Ö,–ö–æ—Ä–æ–±,"1,00",,,,,0,"0,00 ‚ÇΩ",,,,30,0,0,0,"0,00","0,00",,#N/A,,0‚ÇΩ,0‚ÇΩ,0‚ÇΩ,100%,0%,0%,–ò–ü –ò–≤–∞–Ω–æ–≤ –ò.–ò.,WB,FBS,0‚ÇΩ,0‚ÇΩ,#N/A,250‚ÇΩ,25%,1¬†000‚ÇΩ,#N/A,#N/A,0‚ÇΩ,,,,,"0,00","69,00",,,"50,00","119,00","69,00","320,00",#N/A,#N/A,#N/A,#N/A,#N/A,#N/A,#N/A
,FBS,–ù–∞–∑–≤–∞–Ω–∏–µ —Ç–æ–≤–∞—Ä–∞,FALSE,–ò–º—è,,0‚ÇΩ,1¬†000‚ÇΩ,0%,0%,,0,–õ–æ–ø–∞—Ç–∫–∏ –∏–≥—Ä—É—à–µ—á–Ω—ã–µ,"32,00%",,,,,–ú–∞–∫—Å. –∏–∑ –Ω–∞—à–∏—Ö,–ö–æ—Ä–æ–±,"1,00",,,,,0,"0,00 ‚ÇΩ",,,,30,0,0,0,"0,00","0,00",,#N/A,,0‚ÇΩ,0‚ÇΩ,0‚ÇΩ,100%,0%,0%,–ò–ü –ò–≤–∞–Ω–æ–≤ –ò.–ò.,WB,FBS,0‚ÇΩ,0‚ÇΩ,#N/A,250‚ÇΩ,25%,1¬†000‚ÇΩ,#N/A,#N/A,0‚ÇΩ,,,,,"0,00","69,00",,,"50,00","119,00","69,00","320,00",#N/A,#N/A,#N/A,#N/A,#N/A,#N/A,#N/A
,FBS,–ù–∞–∑–≤–∞–Ω–∏–µ —Ç–æ–≤–∞—Ä–∞,FALSE,–ò–º—è,,0‚ÇΩ,1¬†000‚ÇΩ,0%,0%,,0,–õ–æ–ø–∞—Ç–∫–∏ –∏–≥—Ä—É—à–µ—á–Ω—ã–µ,"32,00%",,,,,–ú–∞–∫—Å. –∏–∑ –Ω–∞—à–∏—Ö,–ö–æ—Ä–æ–±,"1,00",,,,,0,"0,00 ‚ÇΩ",,,,30,0,0,0,"0,00","0,00",,#N/A,,0‚ÇΩ,0‚ÇΩ,0‚ÇΩ,100%,0%,0%,–ò–ü –ò–≤–∞–Ω–æ–≤ –ò.–ò.,WB,FBS,0‚ÇΩ,0‚ÇΩ,#N/A,250‚ÇΩ,25%,1¬†000‚ÇΩ,#N/A,#N/A,0‚ÇΩ,,,,,"0,00","69,00",,,"50,00","119,00","69,00","320,00",#N/A,#N/A,#N/A,#N/A,#N/A,#N/A,#N/A
,FBS,–ù–∞–∑–≤–∞–Ω–∏–µ —Ç–æ–≤–∞—Ä–∞,FALSE,–ò–º—è,,0‚ÇΩ,1¬†000‚ÇΩ,0%,0%,,0,–õ–æ–ø–∞—Ç–∫–∏ –∏–≥—Ä—É—à–µ—á–Ω—ã–µ,"32,00%",,,,,–ú–∞–∫—Å. –∏–∑ –Ω–∞—à–∏—Ö,–ö–æ—Ä–æ–±,"1,00",,,,,0,"0,00 ‚ÇΩ",,,,30,0,0,0,"0,00","0,00",,#N/A,,0‚ÇΩ,0‚ÇΩ,0‚ÇΩ,100%,0%,0%,–ò–ü –ò–≤–∞–Ω–æ–≤ –ò.–ò.,WB,FBS,0‚ÇΩ,0‚ÇΩ,#N/A,250‚ÇΩ,25%,1¬†000‚ÇΩ,#N/A,#N/A,0‚ÇΩ,,,,,"0,00","69,00",,,"50,00","119,00","69,00","320,00",#N/A,#N/A,#N/A,#N/A,#N/A,#N/A,#N/A
,FBS,–ù–∞–∑–≤–∞–Ω–∏–µ —Ç–æ–≤–∞—Ä–∞,FALSE,–ò–º—è,,0‚ÇΩ,1¬†000‚ÇΩ,0%,0%,,0,–õ–æ–ø–∞—Ç–∫–∏ –∏–≥—Ä—É—à–µ—á–Ω—ã–µ,"32,00%",,,,,–ú–∞–∫—Å. –∏–∑ –Ω–∞—à–∏—Ö,–ö–æ—Ä–æ–±,"1,00",,,,,0,"0,00 ‚ÇΩ",,,,30,0,0,0,"0,00","0,00",,#N/A,,0‚ÇΩ,0‚ÇΩ,0‚ÇΩ,100%,0%,0%,–ò–ü –ò–≤–∞–Ω–æ–≤ –ò.–ò.,WB,FBS,0‚ÇΩ,0‚ÇΩ,#N/A,250‚ÇΩ,25%,1¬†000‚ÇΩ,#N/A,#N/A,0‚ÇΩ,,,,,"0,00","69,00",,,"50,00","119,00","69,00","320,00",#N/A,#N/A,#N/A,#N/A,#N/A,#N/A,#N/A
,FBS,–ù–∞–∑–≤–∞–Ω–∏–µ —Ç–æ–≤–∞—Ä–∞,FALSE,–ò–º—è,,0‚ÇΩ,1¬†000‚ÇΩ,0%,0%,,0,–õ–æ–ø–∞—Ç–∫–∏ –∏–≥—Ä—É—à–µ—á–Ω—ã–µ,"32,00%",,,,,–ú–∞–∫—Å. –∏–∑ –Ω–∞—à–∏—Ö,–ö–æ—Ä–æ–±,"1,00",,,,,0,"0,00 ‚ÇΩ",,,,30,0,0,0,"0,00","0,00",,#N/A,,0‚ÇΩ,0‚ÇΩ,0‚ÇΩ,100%,0%,0%,–ò–ü –ò–≤–∞–Ω–æ–≤ –ò.–ò.,WB,FBS,0‚ÇΩ,0‚ÇΩ,#N/A,250‚ÇΩ,25%,1¬†000‚ÇΩ,#N/A,#N/A,0‚ÇΩ,,,,,"0,00","69,00",,,"50,00","119,00","69,00","320,00",#N/A,#N/A,#N/A,#N/A,#N/A,#N/A,#N/A
,FBS,–ù–∞–∑–≤–∞–Ω–∏–µ —Ç–æ–≤–∞—Ä–∞,FALSE,–ò–º—è,,0‚ÇΩ,1¬†000‚ÇΩ,0%,0%,,0,–õ–æ–ø–∞—Ç–∫–∏ –∏–≥—Ä—É—à–µ—á–Ω—ã–µ,"32,00%",,,,,–ú–∞–∫—Å. –∏–∑ –Ω–∞—à–∏—Ö,–ö–æ—Ä–æ–±,"1,00",,,,,0,"0,00 ‚ÇΩ",,,,30,0,0,0,"0,00","0,00",,#N/A,,0‚ÇΩ,0‚ÇΩ,0‚ÇΩ,100%,0%,0%,–ò–ü –ò–≤–∞–Ω–æ–≤ –ò.–ò.,WB,FBS,0‚ÇΩ,0‚ÇΩ,#N/A,250‚ÇΩ,25%,1¬†000‚ÇΩ,#N/A,#N/A,0‚ÇΩ,,,,,"0,00","69,00",,,"50,00","119,00","69,00","320,00",#N/A,#N/A,#N/A,#N/A,#N/A,#N/A,#N/A
,FBS,–ù–∞–∑–≤–∞–Ω–∏–µ —Ç–æ–≤–∞—Ä–∞,FALSE,–ò–º—è,,0‚ÇΩ,1¬†000‚ÇΩ,0%,0%,,0,–õ–æ–ø–∞—Ç–∫–∏ –∏–≥—Ä—É—à–µ—á–Ω—ã–µ,"32,00%",,,,,–ú–∞–∫—Å. –∏–∑ –Ω–∞—à–∏—Ö,–ö–æ—Ä–æ–±,"1,00",,,,,0,"0,00 ‚ÇΩ",,,,30,0,0,0,"0,00","0,00",,#N/A,,0‚ÇΩ,0‚ÇΩ,0‚ÇΩ,100%,0%,0%,–ò–ü –ò–≤–∞–Ω–æ–≤ –ò.–ò.,WB,FBS,0‚ÇΩ,0‚ÇΩ,#N/A,250‚ÇΩ,25%,1¬†000‚ÇΩ,#N/A,#N/A,0‚ÇΩ,,,,,"0,00","69,00",,,"50,00","119,00","69,00","320,00",#N/A,#N/A,#N/A,#N/A,#N/A,#N/A,#N/A
,FBS,–ù–∞–∑–≤–∞–Ω–∏–µ —Ç–æ–≤–∞—Ä–∞,FALSE,–ò–º—è,,0‚ÇΩ,1¬†000‚ÇΩ,0%,0%,,0,–õ–æ–ø–∞—Ç–∫–∏ –∏–≥—Ä—É—à–µ—á–Ω—ã–µ,"32,00%",,,,,–ú–∞–∫—Å. –∏–∑ –Ω–∞—à–∏—Ö,–ö–æ—Ä–æ–±,"1,00",,,,,0,"0,00 ‚ÇΩ",,,,30,0,0,0,"0,00","0,00",,#N/A,,0‚ÇΩ,0‚ÇΩ,0‚ÇΩ,100%,0%,0%,–ò–ü –ò–≤–∞–Ω–æ–≤ –ò.–ò.,WB,FBS,0‚ÇΩ,0‚ÇΩ,#N/A,250‚ÇΩ,25%,1¬†000‚ÇΩ,#N/A,#N/A,0‚ÇΩ,,,,,"0,00","69,00",,,"50,00","119,00","69,00","320,00",#N/A,#N/A,#N/A,#N/A,#N/A,#N/A,#N/A
,FBS,–ù–∞–∑–≤–∞–Ω–∏–µ —Ç–æ–≤–∞—Ä–∞,FALSE,–ò–º—è,,0‚ÇΩ,1¬†000‚ÇΩ,0%,0%,,0,–õ–æ–ø–∞—Ç–∫–∏ –∏–≥—Ä—É—à–µ—á–Ω—ã–µ,"32,00%",,,,,–ú–∞–∫—Å. –∏–∑ –Ω–∞—à–∏—Ö,–ö–æ—Ä–æ–±,"1,00",,,,,0,"0,00 ‚ÇΩ",,,,30,0,0,0,"0,00","0,00",,#N/A,,0‚ÇΩ,0‚ÇΩ,0‚ÇΩ,100%,0%,0%,–ò–ü –ò–≤–∞–Ω–æ–≤ –ò.–ò.,WB,FBS,0‚ÇΩ,0‚ÇΩ,#N/A,250‚ÇΩ,25%,1¬†000‚ÇΩ,#N/A,#N/A,0‚ÇΩ,,,,,"0,00","69,00",,,"50,00","119,00","69,00","320,00",#N/A,#N/A,#N/A,#N/A,#N/A,#N/A,#N/A
,FBS,–ù–∞–∑–≤–∞–Ω–∏–µ —Ç–æ–≤–∞—Ä–∞,FALSE,–ò–º—è,,0‚ÇΩ,1¬†000‚ÇΩ,0%,0%,,0,–õ–æ–ø–∞—Ç–∫–∏ –∏–≥—Ä—É—à–µ—á–Ω—ã–µ,"32,00%",,,,,–ú–∞–∫—Å. –∏–∑ –Ω–∞—à–∏—Ö,–ö–æ—Ä–æ–±,"1,00",,,,,0,"0,00 ‚ÇΩ",,,,30,0,0,0,"0,00","0,00",,#N/A,,0‚ÇΩ,0‚ÇΩ,0‚ÇΩ,100%,0%,0%,–ò–ü –ò–≤–∞–Ω–æ–≤ –ò.–ò.,WB,FBS,0‚ÇΩ,0‚ÇΩ,#N/A,250‚ÇΩ,25%,1¬†000‚ÇΩ,#N/A,#N/A,0‚ÇΩ,,,,,"0,00","69,00",,,"50,00","119,00","69,00","320,00",#N/A,#N/A,#N/A,#N/A,#N/A,#N/A,#N/A
,FBS,–ù–∞–∑–≤–∞–Ω–∏–µ —Ç–æ–≤–∞—Ä–∞,FALSE,–ò–º—è,,0‚ÇΩ,1¬†000‚ÇΩ,0%,0%,,0,–õ–æ–ø–∞—Ç–∫–∏ –∏–≥—Ä—É—à–µ—á–Ω—ã–µ,"32,00%",,,,,–ú–∞–∫—Å. –∏–∑ –Ω–∞—à–∏—Ö,–ö–æ—Ä–æ–±,"1,00",,,,,0,"0,00 ‚ÇΩ",,,,30,0,0,0,"0,00","0,00",,#N/A,,0‚ÇΩ,0‚ÇΩ,0‚ÇΩ,100%,0%,0%,–ò–ü –ò–≤–∞–Ω–æ–≤ –ò.–ò.,WB,FBS,0‚ÇΩ,0‚ÇΩ,#N/A,250‚ÇΩ,25%,1¬†000‚ÇΩ,#N/A,#N/A,0‚ÇΩ,,,,,"0,00","69,00",,,"50,00","119,00","69,00","320,00",#N/A,#N/A,#N/A,#N/A,#N/A,#N/A,#N/A
,FBS,–ù–∞–∑–≤–∞–Ω–∏–µ —Ç–æ–≤–∞—Ä–∞,FALSE,–ò–º—è,,0‚ÇΩ,1¬†000‚ÇΩ,0%,0%,,0,–õ–æ–ø–∞—Ç–∫–∏ –∏–≥—Ä—É—à–µ—á–Ω—ã–µ,"32,00%",,,,,–ú–∞–∫—Å. –∏–∑ –Ω–∞—à–∏—Ö,–ö–æ—Ä–æ–±,"1,00",,,,,0,"0,00 ‚ÇΩ",,,,30,0,0,0,"0,00","0,00",,#N/A,,0‚ÇΩ,0‚ÇΩ,0‚ÇΩ,100%,0%,0%,–ò–ü –ò–≤–∞–Ω–æ–≤ –ò.–ò.,WB,FBS,0‚ÇΩ,0‚ÇΩ,#N/A,250‚ÇΩ,25%,1¬†000‚ÇΩ,#N/A,#N/A,0‚ÇΩ,,,,,"0,00","69,00",,,"50,00","119,00","69,00","320,00",#N/A,#N/A,#N/A,#N/A,#N/A,#N/A,#N/A
,FBS,–ù–∞–∑–≤–∞–Ω–∏–µ —Ç–æ–≤–∞—Ä–∞,FALSE,–ò–º—è,,0‚ÇΩ,1¬†000‚ÇΩ,0%,0%,,0,–õ–æ–ø–∞—Ç–∫–∏ –∏–≥—Ä—É—à–µ—á–Ω—ã–µ,"32,00%",,,,,–ú–∞–∫—Å. –∏–∑ –Ω–∞—à–∏—Ö,–ö–æ—Ä–æ–±,"1,00",,,,,0,"0,00 ‚ÇΩ",,,,30,0,0,0,"0,00","0,00",,#N/A,,0‚ÇΩ,0‚ÇΩ,0‚ÇΩ,100%,0%,0%,–ò–ü –ò–≤–∞–Ω–æ–≤ –ò.–ò.,WB,FBS,0‚ÇΩ,0‚ÇΩ,#N/A,250‚ÇΩ,25%,1¬†000‚ÇΩ,#N/A,#N/A,0‚ÇΩ,,,,,"0,00","69,00",,,"50,00","119,00","69,00","320,00",#N/A,#N/A,#N/A,#N/A,#N/A,#N/A,#N/A
,FBS,–ù–∞–∑–≤–∞–Ω–∏–µ —Ç–æ–≤–∞—Ä–∞,FALSE,–ò–º—è,,0‚ÇΩ,1¬†000‚ÇΩ,0%,0%,,0,–õ–æ–ø–∞—Ç–∫–∏ –∏–≥—Ä—É—à–µ—á–Ω—ã–µ,"32,00%",,,,,–ú–∞–∫—Å. –∏–∑ –Ω–∞—à–∏—Ö,–ö–æ—Ä–æ–±,"1,00",,,,,0,"0,00 ‚ÇΩ",,,,30,0,0,0,"0,00","0,00",,#N/A,,0‚ÇΩ,0‚ÇΩ,0‚ÇΩ,100%,0%,0%,–ò–ü –ò–≤–∞–Ω–æ–≤ –ò.–ò.,WB,FBS,0‚ÇΩ,0‚ÇΩ,#N/A,250‚ÇΩ,25%,1¬†000‚ÇΩ,#N/A,#N/A,0‚ÇΩ,,,,,"0,00","69,00",,,"50,00","119,00","69,00","320,00",#N/A,#N/A,#N/A,#N/A,#N/A,#N/A,#N/A
,FBS,–ù–∞–∑–≤–∞–Ω–∏–µ —Ç–æ–≤–∞—Ä–∞,FALSE,–ò–º—è,,0‚ÇΩ,1¬†000‚ÇΩ,0%,0%,,0,–õ–æ–ø–∞—Ç–∫–∏ –∏–≥—Ä—É—à–µ—á–Ω—ã–µ,"32,00%",,,,,–ú–∞–∫—Å. –∏–∑ –Ω–∞—à–∏—Ö,–ö–æ—Ä–æ–±,"1,00",,,,,0,"0,00 ‚ÇΩ",,,,30,0,0,0,"0,00","0,00",,#N/A,,0‚ÇΩ,0‚ÇΩ,0‚ÇΩ,100%,0%,0%,–ò–ü –ò–≤–∞–Ω–æ–≤ –ò.–ò.,WB,FBS,0‚ÇΩ,0‚ÇΩ,#N/A,250‚ÇΩ,25%,1¬†000‚ÇΩ,#N/A,#N/A,0‚ÇΩ,,,,,"0,00","69,00",,,"50,00","119,00","69,00","320,00",#N/A,#N/A,#N/A,#N/A,#N/A,#N/A,#N/A
,FBS,–ù–∞–∑–≤–∞–Ω–∏–µ —Ç–æ–≤–∞—Ä–∞,FALSE,–ò–º—è,,0‚ÇΩ,1¬†000‚ÇΩ,0%,0%,,0,–õ–æ–ø–∞—Ç–∫–∏ –∏–≥—Ä—É—à–µ—á–Ω—ã–µ,"32,00%",,,,,–ú–∞–∫—Å. –∏–∑ –Ω–∞—à–∏—Ö,–ö–æ—Ä–æ–±,"1,00",,,,,0,"0,00 ‚ÇΩ",,,,30,0,0,0,"0,00","0,00",,#N/A,,0‚ÇΩ,0‚ÇΩ,0‚ÇΩ,100%,0%,0%,–ò–ü –ò–≤–∞–Ω–æ–≤ –ò.–ò.,WB,FBS,0‚ÇΩ,0‚ÇΩ,#N/A,250‚ÇΩ,25%,1¬†000‚ÇΩ,#N/A,#N/A,0‚ÇΩ,,,,,"0,00","69,00",,,"50,00","119,00","69,00","320,00",#N/A,#N/A,#N/A,#N/A,#N/A,#N/A,#N/A
,FBS,–ù–∞–∑–≤–∞–Ω–∏–µ —Ç–æ–≤–∞—Ä–∞,FALSE,–ò–º—è,,0‚ÇΩ,1¬†000‚ÇΩ,0%,0%,,0,–õ–æ–ø–∞—Ç–∫–∏ –∏–≥—Ä—É—à–µ—á–Ω—ã–µ,"32,00%",,,,,–ú–∞–∫—Å. –∏–∑ –Ω–∞—à–∏—Ö,–ö–æ—Ä–æ–±,"1,00",,,,,0,"0,00 ‚ÇΩ",,,,30,0,0,0,"0,00","0,00",,#N/A,,0‚ÇΩ,0‚ÇΩ,0‚ÇΩ,100%,0%,0%,–ò–ü –ò–≤–∞–Ω–æ–≤ –ò.–ò.,WB,FBS,0‚ÇΩ,0‚ÇΩ,#N/A,250‚ÇΩ,25%,1¬†000‚ÇΩ,#N/A,#N/A,0‚ÇΩ,,,,,"0,00","69,00",,,"50,00","119,00","69,00","320,00",#N/A,#N/A,#N/A,#N/A,#N/A,#N/A,#N/A
,FBS,–ù–∞–∑–≤–∞–Ω–∏–µ —Ç–æ–≤–∞—Ä–∞,FALSE,–ò–º—è,,0‚ÇΩ,1¬†000‚ÇΩ,0%,0%,,0,–õ–æ–ø–∞—Ç–∫–∏ –∏–≥—Ä—É—à–µ—á–Ω—ã–µ,"32,00%",,,,,–ú–∞–∫—Å. –∏–∑ –Ω–∞—à–∏—Ö,–ö–æ—Ä–æ–±,"1,00",,,,,0,"0,00 ‚ÇΩ",,,,30,0,0,0,"0,00","0,00",,#N/A,,0‚ÇΩ,0‚ÇΩ,0‚ÇΩ,100%,0%,0%,–ò–ü –ò–≤–∞–Ω–æ–≤ –ò.–ò.,WB,FBS,0‚ÇΩ,0‚ÇΩ,#N/A,250‚ÇΩ,25%,1¬†000‚ÇΩ,#N/A,#N/A,0‚ÇΩ,,,,,"0,00","69,00",,,"50,00","119,00","69,00","320,00",#N/A,#N/A,#N/A,#N/A,#N/A,#N/A,#N/A
,FBS,–ù–∞–∑–≤–∞–Ω–∏–µ —Ç–æ–≤–∞—Ä–∞,FALSE,–ò–º—è,,0‚ÇΩ,1¬†000‚ÇΩ,0%,0%,,0,–õ–æ–ø–∞—Ç–∫–∏ –∏–≥—Ä—É—à–µ—á–Ω—ã–µ,"32,00%",,,,,–ú–∞–∫—Å. –∏–∑ –Ω–∞—à–∏—Ö,–ö–æ—Ä–æ–±,"1,00",,,,,0,"0,00 ‚ÇΩ",,,,30,0,0,0,"0,00","0,00",,#N/A,,0‚ÇΩ,0‚ÇΩ,0‚ÇΩ,100%,0%,0%,–ò–ü –ò–≤–∞–Ω–æ–≤ –ò.–ò.,WB,FBS,0‚ÇΩ,0‚ÇΩ,#N/A,250‚ÇΩ,25%,1¬†000‚ÇΩ,#N/A,#N/A,0‚ÇΩ,,,,,"0,00","69,00",,,"50,00","119,00","69,00","320,00",#N/A,#N/A,#N/A,#N/A,#N/A,#N/A,#N/A
,FBS,–ù–∞–∑–≤–∞–Ω–∏–µ —Ç–æ–≤–∞—Ä–∞,FALSE,–ò–º—è,,0‚ÇΩ,1¬†000‚ÇΩ,0%,0%,,0,–õ–æ–ø–∞—Ç–∫–∏ –∏–≥—Ä—É—à–µ—á–Ω—ã–µ,"32,00%",,,,,–ú–∞–∫—Å. –∏–∑ –Ω–∞—à–∏—Ö,–ö–æ—Ä–æ–±,"1,00",,,,,0,"0,00 ‚ÇΩ",,,,30,0,0,0,"0,00","0,00",,#N/A,,0‚ÇΩ,0‚ÇΩ,0‚ÇΩ,100%,0%,0%,–ò–ü –ò–≤–∞–Ω–æ–≤ –ò.–ò.,WB,FBS,0‚ÇΩ,0‚ÇΩ,#N/A,250‚ÇΩ,25%,1¬†000‚ÇΩ,#N/A,#N/A,0‚ÇΩ,,,,,"0,00","69,00",,,"50,00","119,00","69,00","320,00",#N/A,#N/A,#N/A,#N/A,#N/A,#N/A,#N/A
,FBS,–ù–∞–∑–≤–∞–Ω–∏–µ —Ç–æ–≤–∞—Ä–∞,FALSE,–ò–º—è,,0‚ÇΩ,1¬†000‚ÇΩ,0%,0%,,0,–õ–æ–ø–∞—Ç–∫–∏ –∏–≥—Ä—É—à–µ—á–Ω—ã–µ,"32,00%",,,,,–ú–∞–∫—Å. –∏–∑ –Ω–∞—à–∏—Ö,–ö–æ—Ä–æ–±,"1,00",,,,,0,"0,00 ‚ÇΩ",,,,30,0,0,0,"0,00","0,00",,#N/A,,0‚ÇΩ,0‚ÇΩ,0‚ÇΩ,100%,0%,0%,–ò–ü –ò–≤–∞–Ω–æ–≤ –ò.–ò.,WB,FBS,0‚ÇΩ,0‚ÇΩ,#N/A,250‚ÇΩ,25%,1¬†000‚ÇΩ,#N/A,#N/A,0‚ÇΩ,,,,,"0,00","69,00",,,"50,00","119,00","69,00","320,00",#N/A,#N/A,#N/A,#N/A,#N/A,#N/A,#N/A
,FBS,–ù–∞–∑–≤–∞–Ω–∏–µ —Ç–æ–≤–∞—Ä–∞,FALSE,–ò–º—è,,0‚ÇΩ,1¬†000‚ÇΩ,0%,0%,,0,–õ–æ–ø–∞—Ç–∫–∏ –∏–≥—Ä—É—à–µ—á–Ω—ã–µ,"32,00%",,,,,–ú–∞–∫—Å. –∏–∑ –Ω–∞—à–∏—Ö,–ö–æ—Ä–æ–±,"1,00",,,,,0,"0,00 ‚ÇΩ",,,,30,0,0,0,"0,00","0,00",,#N/A,,0‚ÇΩ,0‚ÇΩ,0‚ÇΩ,100%,0%,0%,–ò–ü –ò–≤–∞–Ω–æ–≤ –ò.–ò.,WB,FBS,0‚ÇΩ,0‚ÇΩ,#N/A,250‚ÇΩ,25%,1¬†000‚ÇΩ,#N/A,#N/A,0‚ÇΩ,,,,,"0,00","69,00",,,"50,00","119,00","69,00","320,00",#N/A,#N/A,#N/A,#N/A,#N/A,#N/A,#N/A
,FBS,–ù–∞–∑–≤–∞–Ω–∏–µ —Ç–æ–≤–∞—Ä–∞,FALSE,–ò–º—è,,0‚ÇΩ,1¬†000‚ÇΩ,0%,0%,,0,–õ–æ–ø–∞—Ç–∫–∏ –∏–≥—Ä—É—à–µ—á–Ω—ã–µ,"32,00%",,,,,–ú–∞–∫—Å. –∏–∑ –Ω–∞—à–∏—Ö,–ö–æ—Ä–æ–±,"1,00",,,,,0,"0,00 ‚ÇΩ",,,,30,0,0,0,"0,00","0,00",,#N/A,,0‚ÇΩ,0‚ÇΩ,0‚ÇΩ,100%,0%,0%,–ò–ü –ò–≤–∞–Ω–æ–≤ –ò.–ò.,WB,FBS,0‚ÇΩ,0‚ÇΩ,#N/A,250‚ÇΩ,25%,1¬†000‚ÇΩ,#N/A,#N/A,0‚ÇΩ,,,,,"0,00","69,00",,,"50,00","119,00","69,00","320,00",#N/A,#N/A,#N/A,#N/A,#N/A,#N/A,#N/A
,FBS,–ù–∞–∑–≤–∞–Ω–∏–µ —Ç–æ–≤–∞—Ä–∞,FALSE,–ò–º—è,,0‚ÇΩ,1¬†000‚ÇΩ,0%,0%,,0,–õ–æ–ø–∞—Ç–∫–∏ –∏–≥—Ä—É—à–µ—á–Ω—ã–µ,"32,00%",,,,,–ú–∞–∫—Å. –∏–∑ –Ω–∞—à–∏—Ö,–ö–æ—Ä–æ–±,"1,00",,,,,0,"0,00 ‚ÇΩ",,,,30,0,0,0,"0,00","0,00",,#N/A,,0‚ÇΩ,0‚ÇΩ,0‚ÇΩ,100%,0%,0%,–ò–ü –ò–≤–∞–Ω–æ–≤ –ò.–ò.,WB,FBS,0‚ÇΩ,0‚ÇΩ,#N/A,250‚ÇΩ,25%,1¬†000‚ÇΩ,#N/A,#N/A,0‚ÇΩ,,,,,"0,00","69,00",,,"50,00","119,00","69,00","320,00",#N/A,#N/A,#N/A,#N/A,#N/A,#N/A,#N/A
,FBS,–ù–∞–∑–≤–∞–Ω–∏–µ —Ç–æ–≤–∞—Ä–∞,FALSE,–ò–º—è,,0‚ÇΩ,1¬†000‚ÇΩ,0%,0%,,0,–õ–æ–ø–∞—Ç–∫–∏ –∏–≥—Ä—É—à–µ—á–Ω—ã–µ,"32,00%",,,,,–ú–∞–∫—Å. –∏–∑ –Ω–∞—à–∏—Ö,–ö–æ—Ä–æ–±,"1,00",,,,,0,"0,00 ‚ÇΩ",,,,30,0,0,0,"0,00","0,00",,#N/A,,0‚ÇΩ,0‚ÇΩ,0‚ÇΩ,100%,0%,0%,–ò–ü –ò–≤–∞–Ω–æ–≤ –ò.–ò.,WB,FBS,0‚ÇΩ,0‚ÇΩ,#N/A,250‚ÇΩ,25%,1¬†000‚ÇΩ,#N/A,#N/A,0‚ÇΩ,,,,,"0,00","69,00",,,"50,00","119,00","69,00","320,00",#N/A,#N/A,#N/A,#N/A,#N/A,#N/A,#N/A
,FBS,–ù–∞–∑–≤–∞–Ω–∏–µ —Ç–æ–≤–∞—Ä–∞,FALSE,–ò–º—è,,0‚ÇΩ,1¬†000‚ÇΩ,0%,0%,,0,–õ–æ–ø–∞—Ç–∫–∏ –∏–≥—Ä—É—à–µ—á–Ω—ã–µ,"32,00%",,,,,–ú–∞–∫—Å. –∏–∑ –Ω–∞—à–∏—Ö,–ö–æ—Ä–æ–±,"1,00",,,,,0,"0,00 ‚ÇΩ",,,,30,0,0,0,"0,00","0,00",,#N/A,,0‚ÇΩ,0‚ÇΩ,0‚ÇΩ,100%,0%,0%,–ò–ü –ò–≤–∞–Ω–æ–≤ –ò.–ò.,WB,FBS,0‚ÇΩ,0‚ÇΩ,#N/A,250‚ÇΩ,25%,1¬†000‚ÇΩ,#N/A,#N/A,0‚ÇΩ,,,,,"0,00","69,00",,,"50,00","119,00","69,00","320,00",#N/A,#N/A,#N/A,#N/A,#N/A,#N/A,#N/A
,FBS,–ù–∞–∑–≤–∞–Ω–∏–µ —Ç–æ–≤–∞—Ä–∞,FALSE,–ò–º—è,,0‚ÇΩ,1¬†000‚ÇΩ,0%,0%,,0,–õ–æ–ø–∞—Ç–∫–∏ –∏–≥—Ä—É—à–µ—á–Ω—ã–µ,"32,00%",,,,,–ú–∞–∫—Å. –∏–∑ –Ω–∞—à–∏—Ö,–ö–æ—Ä–æ–±,"1,00",,,,,0,"0,00 ‚ÇΩ",,,,30,0,0,0,"0,00","0,00",,#N/A,,0‚ÇΩ,0‚ÇΩ,0‚ÇΩ,100%,0%,0%,–ò–ü –ò–≤–∞–Ω–æ–≤ –ò.–ò.,WB,FBS,0‚ÇΩ,0‚ÇΩ,#N/A,250‚ÇΩ,25%,1¬†000‚ÇΩ,#N/A,#N/A,0‚ÇΩ,,,,,"0,00","69,00",,,"50,00","119,00","69,00","320,00",#N/A,#N/A,#N/A,#N/A,#N/A,#N/A,#N/A
,FBS,–ù–∞–∑–≤–∞–Ω–∏–µ —Ç–æ–≤–∞—Ä–∞,FALSE,–ò–º—è,,0‚ÇΩ,1¬†000‚ÇΩ,0%,0%,,0,–õ–æ–ø–∞—Ç–∫–∏ –∏–≥—Ä—É—à–µ—á–Ω—ã–µ,"32,00%",,,,,–ú–∞–∫—Å. –∏–∑ –Ω–∞—à–∏—Ö,–ö–æ—Ä–æ–±,"1,00",,,,,0,"0,00 ‚ÇΩ",,,,30,0,0,0,"0,00","0,00",,#N/A,,0‚ÇΩ,0‚ÇΩ,0‚ÇΩ,100%,0%,0%,–ò–ü –ò–≤–∞–Ω–æ–≤ –ò.–ò.,WB,FBS,0‚ÇΩ,0‚ÇΩ,#N/A,250‚ÇΩ,25%,1¬†000‚ÇΩ,#N/A,#N/A,0‚ÇΩ,,,,,"0,00","69,00",,,"50,00","119,00","69,00","320,00",#N/A,#N/A,#N/A,#N/A,#N/A,#N/A,#N/A
,FBS,–ù–∞–∑–≤–∞–Ω–∏–µ —Ç–æ–≤–∞—Ä–∞,FALSE,–ò–º—è,,0‚ÇΩ,1¬†000‚ÇΩ,0%,0%,,0,–õ–æ–ø–∞—Ç–∫–∏ –∏–≥—Ä—É—à–µ—á–Ω—ã–µ,"32,00%",,,,,–ú–∞–∫—Å. –∏–∑ –Ω–∞—à–∏—Ö,–ö–æ—Ä–æ–±,"1,00",,,,,0,"0,00 ‚ÇΩ",,,,30,0,0,0,"0,00","0,00",,#N/A,,0‚ÇΩ,0‚ÇΩ,0‚ÇΩ,100%,0%,0%,–ò–ü –ò–≤–∞–Ω–æ–≤ –ò.–ò.,WB,FBS,0‚ÇΩ,0‚ÇΩ,#N/A,250‚ÇΩ,25%,1¬†000‚ÇΩ,#N/A,#N/A,0‚ÇΩ,,,,,"0,00","69,00",,,"50,00","119,00","69,00","320,00",#N/A,#N/A,#N/A,#N/A,#N/A,#N/A,#N/A
,FBS,–ù–∞–∑–≤–∞–Ω–∏–µ —Ç–æ–≤–∞—Ä–∞,FALSE,–ò–º—è,,0‚ÇΩ,1¬†000‚ÇΩ,0%,0%,,0,–õ–æ–ø–∞—Ç–∫–∏ –∏–≥—Ä—É—à–µ—á–Ω—ã–µ,"32,00%",,,,,–ú–∞–∫—Å. –∏–∑ –Ω–∞—à–∏—Ö,–ö–æ—Ä–æ–±,"1,00",,,,,0,"0,00 ‚ÇΩ",,,,30,0,0,0,"0,00","0,00",,#N/A,,0‚ÇΩ,0‚ÇΩ,0‚ÇΩ,100%,0%,0%,–ò–ü –ò–≤–∞–Ω–æ–≤ –ò.–ò.,WB,FBS,0‚ÇΩ,0‚ÇΩ,#N/A,250‚ÇΩ,25%,1¬†000‚ÇΩ,#N/A,#N/A,0‚ÇΩ,,,,,"0,00","69,00",,,"50,00","119,00","69,00","320,00",#N/A,#N/A,#N/A,#N/A,#N/A,#N/A,#N/A
,FBS,–ù–∞–∑–≤–∞–Ω–∏–µ —Ç–æ–≤–∞—Ä–∞,FALSE,–ò–º—è,,0‚ÇΩ,1¬†000‚ÇΩ,0%,0%,,0,–õ–æ–ø–∞—Ç–∫–∏ –∏–≥—Ä—É—à–µ—á–Ω—ã–µ,"32,00%",,,,,–ú–∞–∫—Å. –∏–∑ –Ω–∞—à–∏—Ö,–ö–æ—Ä–æ–±,"1,00",,,,,0,"0,00 ‚ÇΩ",,,,30,0,0,0,"0,00","0,00",,#N/A,,0‚ÇΩ,0‚ÇΩ,0‚ÇΩ,100%,0%,0%,–ò–ü –ò–≤–∞–Ω–æ–≤ –ò.–ò.,WB,FBS,0‚ÇΩ,0‚ÇΩ,#N/A,250‚ÇΩ,25%,1¬†000‚ÇΩ,#N/A,#N/A,0‚ÇΩ,,,,,"0,00","69,00",,,"50,00","119,00","69,00","320,00",#N/A,#N/A,#N/A,#N/A,#N/A,#N/A,#N/A
,FBS,–ù–∞–∑–≤–∞–Ω–∏–µ —Ç–æ–≤–∞—Ä–∞,FALSE,–ò–º—è,,0‚ÇΩ,1¬†000‚ÇΩ,0%,0%,,0,–õ–æ–ø–∞—Ç–∫–∏ –∏–≥—Ä—É—à–µ—á–Ω—ã–µ,"32,00%",,,,,–ú–∞–∫—Å. –∏–∑ –Ω–∞—à–∏—Ö,–ö–æ—Ä–æ–±,"1,00",,,,,0,"0,00 ‚ÇΩ",,,,30,0,0,0,"0,00","0,00",,#N/A,,0‚ÇΩ,0‚ÇΩ,0‚ÇΩ,100%,0%,0%,–ò–ü –ò–≤–∞–Ω–æ–≤ –ò.–ò.,WB,FBS,0‚ÇΩ,0‚ÇΩ,#N/A,250‚ÇΩ,25%,1¬†000‚ÇΩ,#N/A,#N/A,0‚ÇΩ,,,,,"0,00","69,00",,,"50,00","119,00","69,00","320,00",#N/A,#N/A,#N/A,#N/A,#N/A,#N/A,#N/A
,FBS,–ù–∞–∑–≤–∞–Ω–∏–µ —Ç–æ–≤–∞—Ä–∞,FALSE,–ò–º—è,,0‚ÇΩ,1¬†000‚ÇΩ,0%,0%,,0,–õ–æ–ø–∞—Ç–∫–∏ –∏–≥—Ä—É—à–µ—á–Ω—ã–µ,"32,00%",,,,,–ú–∞–∫—Å. –∏–∑ –Ω–∞—à–∏—Ö,–ö–æ—Ä–æ–±,"1,00",,,,,0,"0,00 ‚ÇΩ",,,,30,0,0,0,"0,00","0,00",,#N/A,,0‚ÇΩ,0‚ÇΩ,0‚ÇΩ,100%,0%,0%,–ò–ü –ò–≤–∞–Ω–æ–≤ –ò.–ò.,WB,FBS,0‚ÇΩ,0‚ÇΩ,#N/A,250‚ÇΩ,25%,1¬†000‚ÇΩ,#N/A,#N/A,0‚ÇΩ,,,,,"0,00","69,00",,,"50,00","119,00","69,00","320,00",#N/A,#N/A,#N/A,#N/A,#N/A,#N/A,#N/A
,FBS,–ù–∞–∑–≤–∞–Ω–∏–µ —Ç–æ–≤–∞—Ä–∞,FALSE,–ò–º—è,,0‚ÇΩ,1¬†000‚ÇΩ,0%,0%,,0,–õ–æ–ø–∞—Ç–∫–∏ –∏–≥—Ä—É—à–µ—á–Ω—ã–µ,"32,00%",,,,,–ú–∞–∫—Å. –∏–∑ –Ω–∞—à–∏—Ö,–ö–æ—Ä–æ–±,"1,00",,,,,0,"0,00 ‚ÇΩ",,,,30,0,0,0,"0,00","0,00",,#N/A,,0‚ÇΩ,0‚ÇΩ,0‚ÇΩ,100%,0%,0%,–ò–ü –ò–≤–∞–Ω–æ–≤ –ò.–ò.,WB,FBS,0‚ÇΩ,0‚ÇΩ,#N/A,250‚ÇΩ,25%,1¬†000‚ÇΩ,#N/A,#N/A,0‚ÇΩ,,,,,"0,00","69,00",,,"50,00","119,00","69,00","320,00",#N/A,#N/A,#N/A,#N/A,#N/A,#N/A,#N/A
,FBS,–ù–∞–∑–≤–∞–Ω–∏–µ —Ç–æ–≤–∞—Ä–∞,FALSE,–ò–º—è,,0‚ÇΩ,1¬†000‚ÇΩ,0%,0%,,0,–õ–æ–ø–∞—Ç–∫–∏ –∏–≥—Ä—É—à–µ—á–Ω—ã–µ,"32,00%",,,,,–ú–∞–∫—Å. –∏–∑ –Ω–∞—à–∏—Ö,–ö–æ—Ä–æ–±,"1,00",,,,,0,"0,00 ‚ÇΩ",,,,30,0,0,0,"0,00","0,00",,#N/A,,0‚ÇΩ,0‚ÇΩ,0‚ÇΩ,100%,0%,0%,–ò–ü –ò–≤–∞–Ω–æ–≤ –ò.–ò.,WB,FBS,0‚ÇΩ,0‚ÇΩ,#N/A,250‚ÇΩ,25%,1¬†000‚ÇΩ,#N/A,#N/A,0‚ÇΩ,,,,,"0,00","69,00",,,"50,00","119,00","69,00","320,00",#N/A,#N/A,#N/A,#N/A,#N/A,#N/A,#N/A
,FBS,–ù–∞–∑–≤–∞–Ω–∏–µ —Ç–æ–≤–∞—Ä–∞,FALSE,–ò–º—è,,0‚ÇΩ,1¬†000‚ÇΩ,0%,0%,,0,–õ–æ–ø–∞—Ç–∫–∏ –∏–≥—Ä—É—à–µ—á–Ω—ã–µ,"32,00%",,,,,–ú–∞–∫—Å. –∏–∑ –Ω–∞—à–∏—Ö,–ö–æ—Ä–æ–±,"1,00",,,,,0,"0,00 ‚ÇΩ",,,,30,0,0,0,"0,00","0,00",,#N/A,,0‚ÇΩ,0‚ÇΩ,0‚ÇΩ,100%,0%,0%,–ò–ü –ò–≤–∞–Ω–æ–≤ –ò.–ò.,WB,FBS,0‚ÇΩ,0‚ÇΩ,#N/A,250‚ÇΩ,25%,1¬†000‚ÇΩ,#N/A,#N/A,0‚ÇΩ,,,,,"0,00","69,00",,,"50,00","119,00","69,00","320,00",#N/A,#N/A,#N/A,#N/A,#N/A,#N/A,#N/A
,FBS,–ù–∞–∑–≤–∞–Ω–∏–µ —Ç–æ–≤–∞—Ä–∞,FALSE,–ò–º—è,,0‚ÇΩ,1¬†000‚ÇΩ,0%,0%,,0,–õ–æ–ø–∞—Ç–∫–∏ –∏–≥—Ä—É—à–µ—á–Ω—ã–µ,"32,00%",,,,,–ú–∞–∫—Å. –∏–∑ –Ω–∞—à–∏—Ö,–ö–æ—Ä–æ–±,"1,00",,,,,0,"0,00 ‚ÇΩ",,,,30,0,0,0,"0,00","0,00",,#N/A,,0‚ÇΩ,0‚ÇΩ,0‚ÇΩ,100%,0%,0%,–ò–ü –ò–≤–∞–Ω–æ–≤ –ò.–ò.,WB,FBS,0‚ÇΩ,0‚ÇΩ,#N/A,250‚ÇΩ,25%,1¬†000‚ÇΩ,#N/A,#N/A,0‚ÇΩ,,,,,"0,00","69,00",,,"50,00","119,00","69,00","320,00",#N/A,#N/A,#N/A,#N/A,#N/A,#N/A,#N/A
,FBS,–ù–∞–∑–≤–∞–Ω–∏–µ —Ç–æ–≤–∞—Ä–∞,FALSE,–ò–º—è,,0‚ÇΩ,1¬†000‚ÇΩ,0%,0%,,0,–õ–æ–ø–∞—Ç–∫–∏ –∏–≥—Ä—É—à–µ—á–Ω—ã–µ,"32,00%",,,,,–ú–∞–∫—Å. –∏–∑ –Ω–∞—à–∏—Ö,–ö–æ—Ä–æ–±,"1,00",,,,,0,"0,00 ‚ÇΩ",,,,30,0,0,0,"0,00","0,00",,#N/A,,0‚ÇΩ,0‚ÇΩ,0‚ÇΩ,100%,0%,0%,–ò–ü –ò–≤–∞–Ω–æ–≤ –ò.–ò.,WB,FBS,0‚ÇΩ,0‚ÇΩ,#N/A,250‚ÇΩ,25%,1¬†000‚ÇΩ,#N/A,#N/A,0‚ÇΩ,,,,,"0,00","69,00",,,"50,00","119,00","69,00","320,00",#N/A,#N/A,#N/A,#N/A,#N/A,#N/A,#N/A
,FBS,–ù–∞–∑–≤–∞–Ω–∏–µ —Ç–æ–≤–∞—Ä–∞,FALSE,–ò–º—è,,0‚ÇΩ,1¬†000‚ÇΩ,0%,0%,,0,–õ–æ–ø–∞—Ç–∫–∏ –∏–≥—Ä—É—à–µ—á–Ω—ã–µ,"32,00%",,,,,–ú–∞–∫—Å. –∏–∑ –Ω–∞—à–∏—Ö,–ö–æ—Ä–æ–±,"1,00",,,,,0,"0,00 ‚ÇΩ",,,,30,0,0,0,"0,00","0,00",,#N/A,,0‚ÇΩ,0‚ÇΩ,0‚ÇΩ,100%,0%,0%,–ò–ü –ò–≤–∞–Ω–æ–≤ –ò.–ò.,WB,FBS,0‚ÇΩ,0‚ÇΩ,#N/A,250‚ÇΩ,25%,1¬†000‚ÇΩ,#N/A,#N/A,0‚ÇΩ,,,,,"0,00","69,00",,,"50,00","119,00","69,00","320,00",#N/A,#N/A,#N/A,#N/A,#N/A,#N/A,#N/A
,FBS,–ù–∞–∑–≤–∞–Ω–∏–µ —Ç–æ–≤–∞—Ä–∞,FALSE,–ò–º—è,,0‚ÇΩ,1¬†000‚ÇΩ,0%,0%,,0,–õ–æ–ø–∞—Ç–∫–∏ –∏–≥—Ä—É—à–µ—á–Ω—ã–µ,"32,00%",,,,,–ú–∞–∫—Å. –∏–∑ –Ω–∞—à–∏—Ö,–ö–æ—Ä–æ–±,"1,00",,,,,0,"0,00 ‚ÇΩ",,,,30,0,0,0,"0,00","0,00",,#N/A,,0‚ÇΩ,0‚ÇΩ,0‚ÇΩ,100%,0%,0%,–ò–ü –ò–≤–∞–Ω–æ–≤ –ò.–ò.,WB,FBS,0‚ÇΩ,0‚ÇΩ,#N/A,250‚ÇΩ,25%,1¬†000‚ÇΩ,#N/A,#N/A,0‚ÇΩ,,,,,"0,00","69,00",,,"50,00","119,00","69,00","320,00",#N/A,#N/A,#N/A,#N/A,#N/A,#N/A,#N/A
,FBS,–ù–∞–∑–≤–∞–Ω–∏–µ —Ç–æ–≤–∞—Ä–∞,FALSE,–ò–º—è,,0‚ÇΩ,1¬†000‚ÇΩ,0%,0%,,0,–õ–æ–ø–∞—Ç–∫–∏ –∏–≥—Ä—É—à–µ—á–Ω—ã–µ,"32,00%",,,,,–ú–∞–∫—Å. –∏–∑ –Ω–∞—à–∏—Ö,–ö–æ—Ä–æ–±,"1,00",,,,,0,"0,00 ‚ÇΩ",,,,30,0,0,0,"0,00","0,00",,#N/A,,0‚ÇΩ,0‚ÇΩ,0‚ÇΩ,100%,0%,0%,–ò–ü –ò–≤–∞–Ω–æ–≤ –ò.–ò.,WB,FBS,0‚ÇΩ,0‚ÇΩ,#N/A,250‚ÇΩ,25%,1¬†000‚ÇΩ,#N/A,#N/A,0‚ÇΩ,,,,,"0,00","69,00",,,"50,00","119,00","69,00","320,00",#N/A,#N/A,#N/A,#N/A,#N/A,#N/A,#N/A
,FBS,–ù–∞–∑–≤–∞–Ω–∏–µ —Ç–æ–≤–∞—Ä–∞,FALSE,–ò–º—è,,0‚ÇΩ,1¬†000‚ÇΩ,0%,0%,,0,–õ–æ–ø–∞—Ç–∫–∏ –∏–≥—Ä—É—à–µ—á–Ω—ã–µ,"32,00%",,,,,–ú–∞–∫—Å. –∏–∑ –Ω–∞—à–∏—Ö,–ö–æ—Ä–æ–±,"1,00",,,,,0,"0,00 ‚ÇΩ",,,,30,0,0,0,"0,00","0,00",,#N/A,,0‚ÇΩ,0‚ÇΩ,0‚ÇΩ,100%,0%,0%,–ò–ü –ò–≤–∞–Ω–æ–≤ –ò.–ò.,WB,FBS,0‚ÇΩ,0‚ÇΩ,#N/A,250‚ÇΩ,25%,1¬†000‚ÇΩ,#N/A,#N/A,0‚ÇΩ,,,,,"0,00","69,00",,,"50,00","119,00","69,00","320,00",#N/A,#N/A,#N/A,#N/A,#N/A,#N/A,#N/A
,FBS,–ù–∞–∑–≤–∞–Ω–∏–µ —Ç–æ–≤–∞—Ä–∞,FALSE,–ò–º—è,,0‚ÇΩ,1¬†000‚ÇΩ,0%,0%,,0,–õ–æ–ø–∞—Ç–∫–∏ –∏–≥—Ä—É—à–µ—á–Ω—ã–µ,"32,00%",,,,,–ú–∞–∫—Å. –∏–∑ –Ω–∞—à–∏—Ö,–ö–æ—Ä–æ–±,"1,00",,,,,0,"0,00 ‚ÇΩ",,,,30,0,0,0,"0,00","0,00",,#N/A,,0‚ÇΩ,0‚ÇΩ,0‚ÇΩ,100%,0%,0%,–ò–ü –ò–≤–∞–Ω–æ–≤ –ò.–ò.,WB,FBS,0‚ÇΩ,0‚ÇΩ,#N/A,250‚ÇΩ,25%,1¬†000‚ÇΩ,#N/A,#N/A,0‚ÇΩ,,,,,"0,00","69,00",,,"50,00","119,00","69,00","320,00",#N/A,#N/A,#N/A,#N/A,#N/A,#N/A,#N/A
,FBS,–ù–∞–∑–≤–∞–Ω–∏–µ —Ç–æ–≤–∞—Ä–∞,FALSE,–ò–º—è,,0‚ÇΩ,1¬†000‚ÇΩ,0%,0%,,0,–õ–æ–ø–∞—Ç–∫–∏ –∏–≥—Ä—É—à–µ—á–Ω—ã–µ,"32,00%",,,,,–ú–∞–∫—Å. –∏–∑ –Ω–∞—à–∏—Ö,–ö–æ—Ä–æ–±,"1,00",,,,,0,"0,00 ‚ÇΩ",,,,30,0,0,0,"0,00","0,00",,#N/A,,0‚ÇΩ,0‚ÇΩ,0‚ÇΩ,100%,0%,0%,–ò–ü –ò–≤–∞–Ω–æ–≤ –ò.–ò.,WB,FBS,0‚ÇΩ,0‚ÇΩ,#N/A,250‚ÇΩ,25%,1¬†000‚ÇΩ,#N/A,#N/A,0‚ÇΩ,,,,,"0,00","69,00",,,"50,00","119,00","69,00","320,00",#N/A,#N/A,#N/A,#N/A,#N/A,#N/A,#N/A
,FBS,–ù–∞–∑–≤–∞–Ω–∏–µ —Ç–æ–≤–∞—Ä–∞,FALSE,–ò–º—è,,0‚ÇΩ,1¬†000‚ÇΩ,0%,0%,,0,–õ–æ–ø–∞—Ç–∫–∏ –∏–≥—Ä—É—à–µ—á–Ω—ã–µ,"32,00%",,,,,–ú–∞–∫—Å. –∏–∑ –Ω–∞—à–∏—Ö,–ö–æ—Ä–æ–±,"1,00",,,,,0,"0,00 ‚ÇΩ",,,,30,0,0,0,"0,00","0,00",,#N/A,,0‚ÇΩ,0‚ÇΩ,0‚ÇΩ,100%,0%,0%,–ò–ü –ò–≤–∞–Ω–æ–≤ –ò.–ò.,WB,FBS,0‚ÇΩ,0‚ÇΩ,#N/A,250‚ÇΩ,25%,1¬†000‚ÇΩ,#N/A,#N/A,0‚ÇΩ,,,,,"0,00","69,00",,,"50,00","119,00","69,00","320,00",#N/A,#N/A,#N/A,#N/A,#N/A,#N/A,#N/A
,FBS,–ù–∞–∑–≤–∞–Ω–∏–µ —Ç–æ–≤–∞—Ä–∞,FALSE,–ò–º—è,,0‚ÇΩ,1¬†000‚ÇΩ,0%,0%,,0,–õ–æ–ø–∞—Ç–∫–∏ –∏–≥—Ä—É—à–µ—á–Ω—ã–µ,"32,00%",,,,,–ú–∞–∫—Å. –∏–∑ –Ω–∞—à–∏—Ö,–ö–æ—Ä–æ–±,"1,00",,,,,0,"0,00 ‚ÇΩ",,,,30,0,0,0,"0,00","0,00",,#N/A,,0‚ÇΩ,0‚ÇΩ,0‚ÇΩ,100%,0%,0%,–ò–ü –ò–≤–∞–Ω–æ–≤ –ò.–ò.,WB,FBS,0‚ÇΩ,0‚ÇΩ,#N/A,250‚ÇΩ,25%,1¬†000‚ÇΩ,#N/A,#N/A,0‚ÇΩ,,,,,"0,00","69,00",,,"50,00","119,00","69,00","320,00",#N/A,#N/A,#N/A,#N/A,#N/A,#N/A,#N/A
,FBS,–ù–∞–∑–≤–∞–Ω–∏–µ —Ç–æ–≤–∞—Ä–∞,FALSE,–ò–º—è,,0‚ÇΩ,1¬†000‚ÇΩ,0%,0%,,0,–õ–æ–ø–∞—Ç–∫–∏ –∏–≥—Ä—É—à–µ—á–Ω—ã–µ,"32,00%",,,,,–ú–∞–∫—Å. –∏–∑ –Ω–∞—à–∏—Ö,–ö–æ—Ä–æ–±,"1,00",,,,,0,"0,00 ‚ÇΩ",,,,30,0,0,0,"0,00","0,00",,#N/A,,0‚ÇΩ,0‚ÇΩ,0‚ÇΩ,100%,0%,0%,–ò–ü –ò–≤–∞–Ω–æ–≤ –ò.–ò.,WB,FBS,0‚ÇΩ,0‚ÇΩ,#N/A,250‚ÇΩ,25%,1¬†000‚ÇΩ,#N/A,#N/A,0‚ÇΩ,,,,,"0,00","69,00",,,"50,00","119,00","69,00","320,00",#N/A,#N/A,#N/A,#N/A,#N/A,#N/A,#N/A
,FBS,–ù–∞–∑–≤–∞–Ω–∏–µ —Ç–æ–≤–∞—Ä–∞,FALSE,–ò–º—è,,0‚ÇΩ,1¬†000‚ÇΩ,0%,0%,,0,–õ–æ–ø–∞—Ç–∫–∏ –∏–≥—Ä—É—à–µ—á–Ω—ã–µ,"32,00%",,,,,–ú–∞–∫—Å. –∏–∑ –Ω–∞—à–∏—Ö,–ö–æ—Ä–æ–±,"1,00",,,,,0,"0,00 ‚ÇΩ",,,,30,0,0,0,"0,00","0,00",,#N/A,,0‚ÇΩ,0‚ÇΩ,0‚ÇΩ,100%,0%,0%,–ò–ü –ò–≤–∞–Ω–æ–≤ –ò.–ò.,WB,FBS,0‚ÇΩ,0‚ÇΩ,#N/A,250‚ÇΩ,25%,1¬†000‚ÇΩ,#N/A,#N/A,0‚ÇΩ,,,,,"0,00","69,00",,,"50,00","119,00","69,00","320,00",#N/A,#N/A,#N/A,#N/A,#N/A,#N/A,#N/A
,FBS,–ù–∞–∑–≤–∞–Ω–∏–µ —Ç–æ–≤–∞—Ä–∞,FALSE,–ò–º—è,,0‚ÇΩ,1¬†000‚ÇΩ,0%,0%,,0,–õ–æ–ø–∞—Ç–∫–∏ –∏–≥—Ä—É—à–µ—á–Ω—ã–µ,"32,00%",,,,,–ú–∞–∫—Å. –∏–∑ –Ω–∞—à–∏—Ö,–ö–æ—Ä–æ–±,"1,00",,,,,0,"0,00 ‚ÇΩ",,,,30,0,0,0,"0,00","0,00",,#N/A,,0‚ÇΩ,0‚ÇΩ,0‚ÇΩ,100%,0%,0%,–ò–ü –ò–≤–∞–Ω–æ–≤ –ò.–ò.,WB,FBS,0‚ÇΩ,0‚ÇΩ,#N/A,250‚ÇΩ,25%,1¬†000‚ÇΩ,#N/A,#N/A,0‚ÇΩ,,,,,"0,00","69,00",,,"50,00","119,00","69,00","320,00",#N/A,#N/A,#N/A,#N/A,#N/A,#N/A,#N/A
,FBS,–ù–∞–∑–≤–∞–Ω–∏–µ —Ç–æ–≤–∞—Ä–∞,FALSE,–ò–º—è,,0‚ÇΩ,1¬†000‚ÇΩ,0%,0%,,0,–õ–æ–ø–∞—Ç–∫–∏ –∏–≥—Ä—É—à–µ—á–Ω—ã–µ,"32,00%",,,,,–ú–∞–∫—Å. –∏–∑ –Ω–∞—à–∏—Ö,–ö–æ—Ä–æ–±,"1,00",,,,,0,"0,00 ‚ÇΩ",,,,30,0,0,0,"0,00","0,00",,#N/A,,0‚ÇΩ,0‚ÇΩ,0‚ÇΩ,100%,0%,0%,–ò–ü –ò–≤–∞–Ω–æ–≤ –ò.–ò.,WB,FBS,0‚ÇΩ,0‚ÇΩ,#N/A,250‚ÇΩ,25%,1¬†000‚ÇΩ,#N/A,#N/A,0‚ÇΩ,,,,,"0,00","69,00",,,"50,00","119,00","69,00","320,00",#N/A,#N/A,#N/A,#N/A,#N/A,#N/A,#N/A
,FBS,–ù–∞–∑–≤–∞–Ω–∏–µ —Ç–æ–≤–∞—Ä–∞,FALSE,–ò–º—è,,0‚ÇΩ,1¬†000‚ÇΩ,0%,0%,,0,–õ–æ–ø–∞—Ç–∫–∏ –∏–≥—Ä—É—à–µ—á–Ω—ã–µ,"32,00%",,,,,–ú–∞–∫—Å. –∏–∑ –Ω–∞—à–∏—Ö,–ö–æ—Ä–æ–±,"1,00",,,,,0,"0,00 ‚ÇΩ",,,,30,0,0,0,"0,00","0,00",,#N/A,,0‚ÇΩ,0‚ÇΩ,0‚ÇΩ,100%,0%,0%,–ò–ü –ò–≤–∞–Ω–æ–≤ –ò.–ò.,WB,FBS,0‚ÇΩ,0‚ÇΩ,#N/A,250‚ÇΩ,25%,1¬†000‚ÇΩ,#N/A,#N/A,0‚ÇΩ,,,,,"0,00","69,00",,,"50,00","119,00","69,00","320,00",#N/A,#N/A,#N/A,#N/A,#N/A,#N/A,#N/A
,FBS,–ù–∞–∑–≤–∞–Ω–∏–µ —Ç–æ–≤–∞—Ä–∞,FALSE,–ò–º—è,,0‚ÇΩ,1¬†000‚ÇΩ,0%,0%,,0,–õ–æ–ø–∞—Ç–∫–∏ –∏–≥—Ä—É—à–µ—á–Ω—ã–µ,"32,00%",,,,,–ú–∞–∫—Å. –∏–∑ –Ω–∞—à–∏—Ö,–ö–æ—Ä–æ–±,"1,00",,,,,0,"0,00 ‚ÇΩ",,,,30,0,0,0,"0,00","0,00",,#N/A,,0‚ÇΩ,0‚ÇΩ,0‚ÇΩ,100%,0%,0%,–ò–ü –ò–≤–∞–Ω–æ–≤ –ò.–ò.,WB,FBS,0‚ÇΩ,0‚ÇΩ,#N/A,250‚ÇΩ,25%,1¬†000‚ÇΩ,#N/A,#N/A,0‚ÇΩ,,,,,"0,00","69,00",,,"50,00","119,00","69,00","320,00",#N/A,#N/A,#N/A,#N/A,#N/A,#N/A,#N/A
,FBS,–ù–∞–∑–≤–∞–Ω–∏–µ —Ç–æ–≤–∞—Ä–∞,FALSE,–ò–º—è,,0‚ÇΩ,1¬†000‚ÇΩ,0%,0%,,0,–õ–æ–ø–∞—Ç–∫–∏ –∏–≥—Ä—É—à–µ—á–Ω—ã–µ,"32,00%",,,,,–ú–∞–∫—Å. –∏–∑ –Ω–∞—à–∏—Ö,–ö–æ—Ä–æ–±,"1,00",,,,,0,"0,00 ‚ÇΩ",,,,30,0,0,0,"0,00","0,00",,#N/A,,0‚ÇΩ,0‚ÇΩ,0‚ÇΩ,100%,0%,0%,–ò–ü –ò–≤–∞–Ω–æ–≤ –ò.–ò.,WB,FBS,0‚ÇΩ,0‚ÇΩ,#N/A,250‚ÇΩ,25%,1¬†000‚ÇΩ,#N/A,#N/A,0‚ÇΩ,,,,,"0,00","69,00",,,"50,00","119,00","69,00","320,00",#N/A,#N/A,#N/A,#N/A,#N/A,#N/A,#N/A
,FBS,–ù–∞–∑–≤–∞–Ω–∏–µ —Ç–æ–≤–∞—Ä–∞,FALSE,–ò–º—è,,0‚ÇΩ,1¬†000‚ÇΩ,0%,0%,,0,–õ–æ–ø–∞—Ç–∫–∏ –∏–≥—Ä—É—à–µ—á–Ω—ã–µ,"32,00%",,,,,–ú–∞–∫—Å. –∏–∑ –Ω–∞—à–∏—Ö,–ö–æ—Ä–æ–±,"1,00",,,,,0,"0,00 ‚ÇΩ",,,,30,0,0,0,"0,00","0,00",,#N/A,,0‚ÇΩ,0‚ÇΩ,0‚ÇΩ,100%,0%,0%,–ò–ü –ò–≤–∞–Ω–æ–≤ –ò.–ò.,WB,FBS,0‚ÇΩ,0‚ÇΩ,#N/A,250‚ÇΩ,25%,1¬†000‚ÇΩ,#N/A,#N/A,0‚ÇΩ,,,,,"0,00","69,00",,,"50,00","119,00","69,00","320,00",#N/A,#N/A,#N/A,#N/A,#N/A,#N/A,#N/A
,FBS,–ù–∞–∑–≤–∞–Ω–∏–µ —Ç–æ–≤–∞—Ä–∞,FALSE,–ò–º—è,,0‚ÇΩ,1¬†000‚ÇΩ,0%,0%,,0,–õ–æ–ø–∞—Ç–∫–∏ –∏–≥—Ä—É—à–µ—á–Ω—ã–µ,"32,00%",,,,,–ú–∞–∫—Å. –∏–∑ –Ω–∞—à–∏—Ö,–ö–æ—Ä–æ–±,"1,00",,,,,0,"0,00 ‚ÇΩ",,,,30,0,0,0,"0,00","0,00",,#N/A,,0‚ÇΩ,0‚ÇΩ,0‚ÇΩ,100%,0%,0%,–ò–ü –ò–≤–∞–Ω–æ–≤ –ò.–ò.,WB,FBS,0‚ÇΩ,0‚ÇΩ,#N/A,250‚ÇΩ,25%,1¬†000‚ÇΩ,#N/A,#N/A,0‚ÇΩ,,,,,"0,00","69,00",,,"50,00","119,00","69,00","320,00",#N/A,#N/A,#N/A,#N/A,#N/A,#N/A,#N/A
,FBS,–ù–∞–∑–≤–∞–Ω–∏–µ —Ç–æ–≤–∞—Ä–∞,FALSE,–ò–º—è,,0‚ÇΩ,1¬†000‚ÇΩ,0%,0%,,0,–õ–æ–ø–∞—Ç–∫–∏ –∏–≥—Ä—É—à–µ—á–Ω—ã–µ,"32,00%",,,,,–ú–∞–∫—Å. –∏–∑ –Ω–∞—à–∏—Ö,–ö–æ—Ä–æ–±,"1,00",,,,,0,"0,00 ‚ÇΩ",,,,30,0,0,0,"0,00","0,00",,#N/A,,0‚ÇΩ,0‚ÇΩ,0‚ÇΩ,100%,0%,0%,–ò–ü –ò–≤–∞–Ω–æ–≤ –ò.–ò.,WB,FBS,0‚ÇΩ,0‚ÇΩ,#N/A,250‚ÇΩ,25%,1¬†000‚ÇΩ,#N/A,#N/A,0‚ÇΩ,,,,,"0,00","69,00",,,"50,00","119,00","69,00","320,00",#N/A,#N/A,#N/A,#N/A,#N/A,#N/A,#N/A
,FBS,–ù–∞–∑–≤–∞–Ω–∏–µ —Ç–æ–≤–∞—Ä–∞,FALSE,–ò–º—è,,0‚ÇΩ,1¬†000‚ÇΩ,0%,0%,,0,–õ–æ–ø–∞—Ç–∫–∏ –∏–≥—Ä—É—à–µ—á–Ω—ã–µ,"32,00%",,,,,–ú–∞–∫—Å. –∏–∑ –Ω–∞—à–∏—Ö,–ö–æ—Ä–æ–±,"1,00",,,,,0,"0,00 ‚ÇΩ",,,,30,0,0,0,"0,00","0,00",,#N/A,,0‚ÇΩ,0‚ÇΩ,0‚ÇΩ,100%,0%,0%,–ò–ü –ò–≤–∞–Ω–æ–≤ –ò.–ò.,WB,FBS,0‚ÇΩ,0‚ÇΩ,#N/A,250‚ÇΩ,25%,1¬†000‚ÇΩ,#N/A,#N/A,0‚ÇΩ,,,,,"0,00","69,00",,,"50,00","119,00","69,00","320,00",#N/A,#N/A,#N/A,#N/A,#N/A,#N/A,#N/A
,FBS,–ù–∞–∑–≤–∞–Ω–∏–µ —Ç–æ–≤–∞—Ä–∞,FALSE,–ò–º—è,,0‚ÇΩ,1¬†000‚ÇΩ,0%,0%,,0,–õ–æ–ø–∞—Ç–∫–∏ –∏–≥—Ä—É—à–µ—á–Ω—ã–µ,"32,00%",,,,,–ú–∞–∫—Å. –∏–∑ –Ω–∞—à–∏—Ö,–ö–æ—Ä–æ–±,"1,00",,,,,0,"0,00 ‚ÇΩ",,,,30,0,0,0,"0,00","0,00",,#N/A,,0‚ÇΩ,0‚ÇΩ,0‚ÇΩ,100%,0%,0%,–ò–ü –ò–≤–∞–Ω–æ–≤ –ò.–ò.,WB,FBS,0‚ÇΩ,0‚ÇΩ,#N/A,250‚ÇΩ,25%,1¬†000‚ÇΩ,#N/A,#N/A,0‚ÇΩ,,,,,"0,00","69,00",,,"50,00","119,00","69,00","320,00",#N/A,#N/A,#N/A,#N/A,#N/A,#N/A,#N/A
,FBS,–ù–∞–∑–≤–∞–Ω–∏–µ —Ç–æ–≤–∞—Ä–∞,FALSE,–ò–º—è,,0‚ÇΩ,1¬†000‚ÇΩ,0%,0%,,0,–õ–æ–ø–∞—Ç–∫–∏ –∏–≥—Ä—É—à–µ—á–Ω—ã–µ,"32,00%",,,,,–ú–∞–∫—Å. –∏–∑ –Ω–∞—à–∏—Ö,–ö–æ—Ä–æ–±,"1,00",,,,,0,"0,00 ‚ÇΩ",,,,30,0,0,0,"0,00","0,00",,#N/A,,0‚ÇΩ,0‚ÇΩ,0‚ÇΩ,100%,0%,0%,–ò–ü –ò–≤–∞–Ω–æ–≤ –ò.–ò.,WB,FBS,0‚ÇΩ,0‚ÇΩ,#N/A,250‚ÇΩ,25%,1¬†000‚ÇΩ,#N/A,#N/A,0‚ÇΩ,,,,,"0,00","69,00",,,"50,00","119,00","69,00","320,00",#N/A,#N/A,#N/A,#N/A,#N/A,#N/A,#N/A
,FBS,–ù–∞–∑–≤–∞–Ω–∏–µ —Ç–æ–≤–∞—Ä–∞,FALSE,–ò–º—è,,0‚ÇΩ,1¬†000‚ÇΩ,0%,0%,,0,–õ–æ–ø–∞—Ç–∫–∏ –∏–≥—Ä—É—à–µ—á–Ω—ã–µ,"32,00%",,,,,–ú–∞–∫—Å. –∏–∑ –Ω–∞—à–∏—Ö,–ö–æ—Ä–æ–±,"1,00",,,,,0,"0,00 ‚ÇΩ",,,,30,0,0,0,"0,00","0,00",,#N/A,,0‚ÇΩ,0‚ÇΩ,0‚ÇΩ,100%,0%,0%,–ò–ü –ò–≤–∞–Ω–æ–≤ –ò.–ò.,WB,FBS,0‚ÇΩ,0‚ÇΩ,#N/A,250‚ÇΩ,25%,1¬†000‚ÇΩ,#N/A,#N/A,0‚ÇΩ,,,,,"0,00","69,00",,,"50,00","119,00","69,00","320,00",#N/A,#N/A,#N/A,#N/A,#N/A,#N/A,#N/A
,FBS,–ù–∞–∑–≤–∞–Ω–∏–µ —Ç–æ–≤–∞—Ä–∞,FALSE,–ò–º—è,,0‚ÇΩ,1¬†000‚ÇΩ,0%,0%,,0,–õ–æ–ø–∞—Ç–∫–∏ –∏–≥—Ä—É—à–µ—á–Ω—ã–µ,"32,00%",,,,,–ú–∞–∫—Å. –∏–∑ –Ω–∞—à–∏—Ö,–ö–æ—Ä–æ–±,"1,00",,,,,0,"0,00 ‚ÇΩ",,,,30,0,0,0,"0,00","0,00",,#N/A,,0‚ÇΩ,0‚ÇΩ,0‚ÇΩ,100%,0%,0%,–ò–ü –ò–≤–∞–Ω–æ–≤ –ò.–ò.,WB,FBS,0‚ÇΩ,0‚ÇΩ,#N/A,250‚ÇΩ,25%,1¬†000‚ÇΩ,#N/A,#N/A,0‚ÇΩ,,,,,"0,00","69,00",,,"50,00","119,00","69,00","320,00",#N/A,#N/A,#N/A,#N/A,#N/A,#N/A,#N/A
,FBS,–ù–∞–∑–≤–∞–Ω–∏–µ —Ç–æ–≤–∞—Ä–∞,FALSE,–ò–º—è,,0‚ÇΩ,1¬†000‚ÇΩ,0%,0%,,0,–õ–æ–ø–∞—Ç–∫–∏ –∏–≥—Ä—É—à–µ—á–Ω—ã–µ,"32,00%",,,,,–ú–∞–∫—Å. –∏–∑ –Ω–∞—à–∏—Ö,–ö–æ—Ä–æ–±,"1,00",,,,,0,"0,00 ‚ÇΩ",,,,30,0,0,0,"0,00","0,00",,#N/A,,0‚ÇΩ,0‚ÇΩ,0‚ÇΩ,100%,0%,0%,–ò–ü –ò–≤–∞–Ω–æ–≤ –ò.–ò.,WB,FBS,0‚ÇΩ,0‚ÇΩ,#N/A,250‚ÇΩ,25%,1¬†000‚ÇΩ,#N/A,#N/A,0‚ÇΩ,,,,,"0,00","69,00",,,"50,00","119,00","69,00","320,00",#N/A,#N/A,#N/A,#N/A,#N/A,#N/A,#N/A
,FBS,–ù–∞–∑–≤–∞–Ω–∏–µ —Ç–æ–≤–∞—Ä–∞,FALSE,–ò–º—è,,0‚ÇΩ,1¬†000‚ÇΩ,0%,0%,,0,–õ–æ–ø–∞—Ç–∫–∏ –∏–≥—Ä—É—à–µ—á–Ω—ã–µ,"32,00%",,,,,–ú–∞–∫—Å. –∏–∑ –Ω–∞—à–∏—Ö,–ö–æ—Ä–æ–±,"1,00",,,,,0,"0,00 ‚ÇΩ",,,,30,0,0,0,"0,00","0,00",,#N/A,,0‚ÇΩ,0‚ÇΩ,0‚ÇΩ,100%,0%,0%,–ò–ü –ò–≤–∞–Ω–æ–≤ –ò.–ò.,WB,FBS,0‚ÇΩ,0‚ÇΩ,#N/A,250‚ÇΩ,25%,1¬†000‚ÇΩ,#N/A,#N/A,0‚ÇΩ,,,,,"0,00","69,00",,,"50,00","119,00","69,00","320,00",#N/A,#N/A,#N/A,#N/A,#N/A,#N/A,#N/A
,FBS,–ù–∞–∑–≤–∞–Ω–∏–µ —Ç–æ–≤–∞—Ä–∞,FALSE,–ò–º—è,,0‚ÇΩ,1¬†000‚ÇΩ,0%,0%,,0,–õ–æ–ø–∞—Ç–∫–∏ –∏–≥—Ä—É—à–µ—á–Ω—ã–µ,"32,00%",,,,,–ú–∞–∫—Å. –∏–∑ –Ω–∞—à–∏—Ö,–ö–æ—Ä–æ–±,"1,00",,,,,0,"0,00 ‚ÇΩ",,,,30,0,0,0,"0,00","0,00",,#N/A,,0‚ÇΩ,0‚ÇΩ,0‚ÇΩ,100%,0%,0%,–ò–ü –ò–≤–∞–Ω–æ–≤ –ò.–ò.,WB,FBS,0‚ÇΩ,0‚ÇΩ,#N/A,250‚ÇΩ,25%,1¬†000‚ÇΩ,#N/A,#N/A,0‚ÇΩ,,,,,"0,00","69,00",,,"50,00","119,00","69,00","320,00",#N/A,#N/A,#N/A,#N/A,#N/A,#N/A,#N/A
,FBS,–ù–∞–∑–≤–∞–Ω–∏–µ —Ç–æ–≤–∞—Ä–∞,FALSE,–ò–º—è,,0‚ÇΩ,1¬†000‚ÇΩ,0%,0%,,0,–õ–æ–ø–∞—Ç–∫–∏ –∏–≥—Ä—É—à–µ—á–Ω—ã–µ,"32,00%",,,,,–ú–∞–∫—Å. –∏–∑ –Ω–∞—à–∏—Ö,–ö–æ—Ä–æ–±,"1,00",,,,,0,"0,00 ‚ÇΩ",,,,30,0,0,0,"0,00","0,00",,#N/A,,0‚ÇΩ,0‚ÇΩ,0‚ÇΩ,100%,0%,0%,–ò–ü –ò–≤–∞–Ω–æ–≤ –ò.–ò.,WB,FBS,0‚ÇΩ,0‚ÇΩ,#N/A,250‚ÇΩ,25%,1¬†000‚ÇΩ,#N/A,#N/A,0‚ÇΩ,,,,,"0,00","69,00",,,"50,00","119,00","69,00","320,00",#N/A,#N/A,#N/A,#N/A,#N/A,#N/A,#N/A
,FBS,–ù–∞–∑–≤–∞–Ω–∏–µ —Ç–æ–≤–∞—Ä–∞,FALSE,–ò–º—è,,0‚ÇΩ,1¬†000‚ÇΩ,0%,0%,,0,–õ–æ–ø–∞—Ç–∫–∏ –∏–≥—Ä—É—à–µ—á–Ω—ã–µ,"32,00%",,,,,–ú–∞–∫—Å. –∏–∑ –Ω–∞—à–∏—Ö,–ö–æ—Ä–æ–±,"1,00",,,,,0,"0,00 ‚ÇΩ",,,,30,0,0,0,"0,00","0,00",,#N/A,,0‚ÇΩ,0‚ÇΩ,0‚ÇΩ,100%,0%,0%,–ò–ü –ò–≤–∞–Ω–æ–≤ –ò.–ò.,WB,FBS,0‚ÇΩ,0‚ÇΩ,#N/A,250‚ÇΩ,25%,1¬†000‚ÇΩ,#N/A,#N/A,0‚ÇΩ,,,,,"0,00","69,00",,,"50,00","119,00","69,00","320,00",#N/A,#N/A,#N/A,#N/A,#N/A,#N/A,#N/A
,FBS,–ù–∞–∑–≤–∞–Ω–∏–µ —Ç–æ–≤–∞—Ä–∞,FALSE,–ò–º—è,,0‚ÇΩ,1¬†000‚ÇΩ,0%,0%,,0,–õ–æ–ø–∞—Ç–∫–∏ –∏–≥—Ä—É—à–µ—á–Ω—ã–µ,"32,00%",,,,,–ú–∞–∫—Å. –∏–∑ –Ω–∞—à–∏—Ö,–ö–æ—Ä–æ–±,"1,00",,,,,0,"0,00 ‚ÇΩ",,,,30,0,0,0,"0,00","0,00",,#N/A,,0‚ÇΩ,0‚ÇΩ,0‚ÇΩ,100%,0%,0%,–ò–ü –ò–≤–∞–Ω–æ–≤ –ò.–ò.,WB,FBS,0‚ÇΩ,0‚ÇΩ,#N/A,250‚ÇΩ,25%,1¬†000‚ÇΩ,#N/A,#N/A,0‚ÇΩ,,,,,"0,00","69,00",,,"50,00","119,00","69,00","320,00",#N/A,#N/A,#N/A,#N/A,#N/A,#N/A,#N/A
,FBS,–ù–∞–∑–≤–∞–Ω–∏–µ —Ç–æ–≤–∞—Ä–∞,FALSE,–ò–º—è,,0‚ÇΩ,1¬†000‚ÇΩ,0%,0%,,0,–õ–æ–ø–∞—Ç–∫–∏ –∏–≥—Ä—É—à–µ—á–Ω—ã–µ,"32,00%",,,,,–ú–∞–∫—Å. –∏–∑ –Ω–∞—à–∏—Ö,–ö–æ—Ä–æ–±,"1,00",,,,,0,"0,00 ‚ÇΩ",,,,30,0,0,0,"0,00","0,00",,#N/A,,0‚ÇΩ,0‚ÇΩ,0‚ÇΩ,100%,0%,0%,–ò–ü –ò–≤–∞–Ω–æ–≤ –ò.–ò.,WB,FBS,0‚ÇΩ,0‚ÇΩ,#N/A,250‚ÇΩ,25%,1¬†000‚ÇΩ,#N/A,#N/A,0‚ÇΩ,,,,,"0,00","69,00",,,"50,00","119,00","69,00","320,00",#N/A,#N/A,#N/A,#N/A,#N/A,#N/A,#N/A
,FBS,–ù–∞–∑–≤–∞–Ω–∏–µ —Ç–æ–≤–∞—Ä–∞,FALSE,–ò–º—è,,0‚ÇΩ,1¬†000‚ÇΩ,0%,0%,,0,–õ–æ–ø–∞—Ç–∫–∏ –∏–≥—Ä—É—à–µ—á–Ω—ã–µ,"32,00%",,,,,–ú–∞–∫—Å. –∏–∑ –Ω–∞—à–∏—Ö,–ö–æ—Ä–æ–±,"1,00",,,,,0,"0,00 ‚ÇΩ",,,,30,0,0,0,"0,00","0,00",,#N/A,,0‚ÇΩ,0‚ÇΩ,0‚ÇΩ,100%,0%,0%,–ò–ü –ò–≤–∞–Ω–æ–≤ –ò.–ò.,WB,FBS,0‚ÇΩ,0‚ÇΩ,#N/A,250‚ÇΩ,25%,1¬†000‚ÇΩ,#N/A,#N/A,0‚ÇΩ,,,,,"0,00","69,00",,,"50,00","119,00","69,00","320,00",#N/A,#N/A,#N/A,#N/A,#N/A,#N/A,#N/A
,FBS,–ù–∞–∑–≤–∞–Ω–∏–µ —Ç–æ–≤–∞—Ä–∞,FALSE,–ò–º—è,,0‚ÇΩ,1¬†000‚ÇΩ,0%,0%,,0,–õ–æ–ø–∞—Ç–∫–∏ –∏–≥—Ä—É—à–µ—á–Ω—ã–µ,"32,00%",,,,,–ú–∞–∫—Å. –∏–∑ –Ω–∞—à–∏—Ö,–ö–æ—Ä–æ–±,"1,00",,,,,0,"0,00 ‚ÇΩ",,,,30,0,0,0,"0,00","0,00",,#N/A,,0‚ÇΩ,0‚ÇΩ,0‚ÇΩ,100%,0%,0%,–ò–ü –ò–≤–∞–Ω–æ–≤ –ò.–ò.,WB,FBS,0‚ÇΩ,0‚ÇΩ,#N/A,250‚ÇΩ,25%,1¬†000‚ÇΩ,#N/A,#N/A,0‚ÇΩ,,,,,"0,00","69,00",,,"50,00","119,00","69,00","320,00",#N/A,#N/A,#N/A,#N/A,#N/A,#N/A,#N/A
,FBS,–ù–∞–∑–≤–∞–Ω–∏–µ —Ç–æ–≤–∞—Ä–∞,FALSE,–ò–º—è,,0‚ÇΩ,1¬†000‚ÇΩ,0%,0%,,0,–õ–æ–ø–∞—Ç–∫–∏ –∏–≥—Ä—É—à–µ—á–Ω—ã–µ,"32,00%",,,,,–ú–∞–∫—Å. –∏–∑ –Ω–∞—à–∏—Ö,–ö–æ—Ä–æ–±,"1,00",,,,,0,"0,00 ‚ÇΩ",,,,30,0,0,0,"0,00","0,00",,#N/A,,0‚ÇΩ,0‚ÇΩ,0‚ÇΩ,100%,0%,0%,–ò–ü –ò–≤–∞–Ω–æ–≤ –ò.–ò.,WB,FBS,0‚ÇΩ,0‚ÇΩ,#N/A,250‚ÇΩ,25%,1¬†000‚ÇΩ,#N/A,#N/A,0‚ÇΩ,,,,,"0,00","69,00",,,"50,00","119,00","69,00","320,00",#N/A,#N/A,#N/A,#N/A,#N/A,#N/A,#N/A
,FBS,–ù–∞–∑–≤–∞–Ω–∏–µ —Ç–æ–≤–∞—Ä–∞,FALSE,–ò–º—è,,0‚ÇΩ,1¬†000‚ÇΩ,0%,0%,,0,–õ–æ–ø–∞—Ç–∫–∏ –∏–≥—Ä—É—à–µ—á–Ω—ã–µ,"32,00%",,,,,–ú–∞–∫—Å. –∏–∑ –Ω–∞—à–∏—Ö,–ö–æ—Ä–æ–±,"1,00",,,,,0,"0,00 ‚ÇΩ",,,,30,0,0,0,"0,00","0,00",,#N/A,,0‚ÇΩ,0‚ÇΩ,0‚ÇΩ,100%,0%,0%,–ò–ü –ò–≤–∞–Ω–æ–≤ –ò.–ò.,WB,FBS,0‚ÇΩ,0‚ÇΩ,#N/A,250‚ÇΩ,25%,1¬†000‚ÇΩ,#N/A,#N/A,0‚ÇΩ,,,,,"0,00","69,00",,,"50,00","119,00","69,00","320,00",#N/A,#N/A,#N/A,#N/A,#N/A,#N/A,#N/A
,FBS,–ù–∞–∑–≤–∞–Ω–∏–µ —Ç–æ–≤–∞—Ä–∞,FALSE,–ò–º—è,,0‚ÇΩ,1¬†000‚ÇΩ,0%,0%,,0,–õ–æ–ø–∞—Ç–∫–∏ –∏–≥—Ä—É—à–µ—á–Ω—ã–µ,"32,00%",,,,,–ú–∞–∫—Å. –∏–∑ –Ω–∞—à–∏—Ö,–ö–æ—Ä–æ–±,"1,00",,,,,0,"0,00 ‚ÇΩ",,,,30,0,0,0,"0,00","0,00",,#N/A,,0‚ÇΩ,0‚ÇΩ,0‚ÇΩ,100%,0%,0%,–ò–ü –ò–≤–∞–Ω–æ–≤ –ò.–ò.,WB,FBS,0‚ÇΩ,0‚ÇΩ,#N/A,250‚ÇΩ,25%,1¬†000‚ÇΩ,#N/A,#N/A,0‚ÇΩ,,,,,"0,00","69,00",,,"50,00","119,00","69,00","320,00",#N/A,#N/A,#N/A,#N/A,#N/A,#N/A,#N/A
,FBS,–ù–∞–∑–≤–∞–Ω–∏–µ —Ç–æ–≤–∞—Ä–∞,FALSE,–ò–º—è,,0‚ÇΩ,1¬†000‚ÇΩ,0%,0%,,0,–õ–æ–ø–∞—Ç–∫–∏ –∏–≥—Ä—É—à–µ—á–Ω—ã–µ,"32,00%",,,,,–ú–∞–∫—Å. –∏–∑ –Ω–∞—à–∏—Ö,–ö–æ—Ä–æ–±,"1,00",,,,,0,"0,00 ‚ÇΩ",,,,30,0,0,0,"0,00","0,00",,#N/A,,0‚ÇΩ,0‚ÇΩ,0‚ÇΩ,100%,0%,0%,–ò–ü –ò–≤–∞–Ω–æ–≤ –ò.–ò.,WB,FBS,0‚ÇΩ,0‚ÇΩ,#N/A,250‚ÇΩ,25%,1¬†000‚ÇΩ,#N/A,#N/A,0‚ÇΩ,,,,,"0,00","69,00",,,"50,00","119,00","69,00","320,00",#N/A,#N/A,#N/A,#N/A,#N/A,#N/A,#N/A
,FBS,–ù–∞–∑–≤–∞–Ω–∏–µ —Ç–æ–≤–∞—Ä–∞,FALSE,–ò–º—è,,0‚ÇΩ,1¬†000‚ÇΩ,0%,0%,,0,–õ–æ–ø–∞—Ç–∫–∏ –∏–≥—Ä—É—à–µ—á–Ω—ã–µ,"32,00%",,,,,–ú–∞–∫—Å. –∏–∑ –Ω–∞—à–∏—Ö,–ö–æ—Ä–æ–±,"1,00",,,,,0,"0,00 ‚ÇΩ",,,,30,0,0,0,"0,00","0,00",,#N/A,,0‚ÇΩ,0‚ÇΩ,0‚ÇΩ,100%,0%,0%,–ò–ü –ò–≤–∞–Ω–æ–≤ –ò.–ò.,WB,FBS,0‚ÇΩ,0‚ÇΩ,#N/A,250‚ÇΩ,25%,1¬†000‚ÇΩ,#N/A,#N/A,0‚ÇΩ,,,,,"0,00","69,00",,,"50,00","119,00","69,00","320,00",#N/A,#N/A,#N/A,#N/A,#N/A,#N/A,#N/A
,FBS,–ù–∞–∑–≤–∞–Ω–∏–µ —Ç–æ–≤–∞—Ä–∞,FALSE,–ò–º—è,,0‚ÇΩ,1¬†000‚ÇΩ,0%,0%,,0,–õ–æ–ø–∞—Ç–∫–∏ –∏–≥—Ä—É—à–µ—á–Ω—ã–µ,"32,00%",,,,,–ú–∞–∫—Å. –∏–∑ –Ω–∞—à–∏—Ö,–ö–æ—Ä–æ–±,"1,00",,,,,0,"0,00 ‚ÇΩ",,,,30,0,0,0,"0,00","0,00",,#N/A,,0‚ÇΩ,0‚ÇΩ,0‚ÇΩ,100%,0%,0%,–ò–ü –ò–≤–∞–Ω–æ–≤ –ò.–ò.,WB,FBS,0‚ÇΩ,0‚ÇΩ,#N/A,250‚ÇΩ,25%,1¬†000‚ÇΩ,#N/A,#N/A,0‚ÇΩ,,,,,"0,00","69,00",,,"50,00","119,00","69,00","320,00",#N/A,#N/A,#N/A,#N/A,#N/A,#N/A,#N/A
,FBS,–ù–∞–∑–≤–∞–Ω–∏–µ —Ç–æ–≤–∞—Ä–∞,FALSE,–ò–º—è,,0‚ÇΩ,1¬†000‚ÇΩ,0%,0%,,0,–õ–æ–ø–∞—Ç–∫–∏ –∏–≥—Ä—É—à–µ—á–Ω—ã–µ,"32,00%",,,,,–ú–∞–∫—Å. –∏–∑ –Ω–∞—à–∏—Ö,–ö–æ—Ä–æ–±,"1,00",,,,,0,"0,00 ‚ÇΩ",,,,30,0,0,0,"0,00","0,00",,#N/A,,0‚ÇΩ,0‚ÇΩ,0‚ÇΩ,100%,0%,0%,–ò–ü –ò–≤–∞–Ω–æ–≤ –ò.–ò.,WB,FBS,0‚ÇΩ,0‚ÇΩ,#N/A,250‚ÇΩ,25%,1¬†000‚ÇΩ,#N/A,#N/A,0‚ÇΩ,,,,,"0,00","69,00",,,"50,00","119,00","69,00","320,00",#N/A,#N/A,#N/A,#N/A,#N/A,#N/A,#N/A
,FBS,–ù–∞–∑–≤–∞–Ω–∏–µ —Ç–æ–≤–∞—Ä–∞,FALSE,–ò–º—è,,0‚ÇΩ,1¬†000‚ÇΩ,0%,0%,,0,–õ–æ–ø–∞—Ç–∫–∏ –∏–≥—Ä—É—à–µ—á–Ω—ã–µ,"32,00%",,,,,–ú–∞–∫—Å. –∏–∑ –Ω–∞—à–∏—Ö,–ö–æ—Ä–æ–±,"1,00",,,,,0,"0,00 ‚ÇΩ",,,,30,0,0,0,"0,00","0,00",,#N/A,,0‚ÇΩ,0‚ÇΩ,0‚ÇΩ,100%,0%,0%,–ò–ü –ò–≤–∞–Ω–æ–≤ –ò.–ò.,WB,FBS,0‚ÇΩ,0‚ÇΩ,#N/A,250‚ÇΩ,25%,1¬†000‚ÇΩ,#N/A,#N/A,0‚ÇΩ,,,,,"0,00","69,00",,,"50,00","119,00","69,00","320,00",#N/A,#N/A,#N/A,#N/A,#N/A,#N/A,#N/A
,FBS,–ù–∞–∑–≤–∞–Ω–∏–µ —Ç–æ–≤–∞—Ä–∞,FALSE,–ò–º—è,,0‚ÇΩ,1¬†000‚ÇΩ,0%,0%,,0,–õ–æ–ø–∞—Ç–∫–∏ –∏–≥—Ä—É—à–µ—á–Ω—ã–µ,"32,00%",,,,,–ú–∞–∫—Å. –∏–∑ –Ω–∞—à–∏—Ö,–ö–æ—Ä–æ–±,"1,00",,,,,0,"0,00 ‚ÇΩ",,,,30,0,0,0,"0,00","0,00",,#N/A,,0‚ÇΩ,0‚ÇΩ,0‚ÇΩ,100%,0%,0%,–ò–ü –ò–≤–∞–Ω–æ–≤ –ò.–ò.,WB,FBS,0‚ÇΩ,0‚ÇΩ,#N/A,250‚ÇΩ,25%,1¬†000‚ÇΩ,#N/A,#N/A,0‚ÇΩ,,,,,"0,00","69,00",,,"50,00","119,00","69,00","320,00",#N/A,#N/A,#N/A,#N/A,#N/A,#N/A,#N/A