,,,,,,,,,,,,,,,,,,,,,,,,,,,,,,,,,,,,,,,,,,
,–ò–ù–°–¢–†–£–ö–¶–ò–Ø –ü–û –ù–ê–°–¢–†–û–ô–ö–ï –ö–ê–õ–¨–ö–£–õ–Ø–¢–û–†–ê:,,,,,,,,,,,,,,,,,,,,,,,,,,,,,,,,,,,,,,,,,
,,,,,,,,,,,,,,,,,,,,,,,,,,,,,,,,,,,,,,,,,,
,,,,,,,,,,,,,,,,,,,,,,,,,,,,,,,,,,,,,,,,,,
,,,,,,,,01.1,,,,,,,,,,,,,,,,,01.2,,,,,,,,,,,,,,,,,01.3
,,,,"–ñ–º–µ–º ¬´–§–∞–π–ª¬ª ‚Üí ¬´–°–æ–∑–¥–∞—Ç—å –∫–æ–ø–∏—é¬ª ‚Üí –í–≤–æ–¥–∏–º
—Å–≤–æ–µ –Ω–∞–∑–≤–∞–Ω–∏–µ ‚Üí ¬´–ö–æ–ø–∏—Ä–æ–≤–∞—Ç—å¬ª",,,,,,,,,,,,,,,"–í—Ä—É—á–Ω—É—é –æ–±–Ω–æ–≤–∏—Ç–µ –¥–∞–Ω–Ω—ã–µ –≤–æ –≤–∫–ª–∞–¥–∫–µ
¬´üìÑ–ö–æ–º–∏—Å—Å–∏–∏¬ª –≤ —è—á–µ–π–∫–∞—Ö –Ω–∏–∂–µ 6-–æ–π
—Å—Ç—Ä–æ–∫–∏ –Ω–∞ –∞–∫—Ç—É–∞–ª—å–Ω—ã–µ –∏–∑ –ª–∏—á–Ω–æ–≥–æ
–∫–∞–±–∏–Ω–µ—Ç–∞ —Å–µ–ª–ª–µ—Ä–∞ –ø–æ —Å—Å—ã–ª–∫–µ",,,,,,,,,,,,,,,,,,,"–í—Ä—É—á–Ω—É—é –æ–±–Ω–æ–≤–∏—Ç–µ –¥–∞–Ω–Ω—ã–µ –≤–æ –≤–∫–ª–∞–¥–∫–µ
¬´üîí–î–æ–ø. –∏–Ω—Ñ–æ—Ä–º–∞—Ü–∏—è¬ª –≤ —è—á–µ–π–∫–∞—Ö
I9:N10 –∏ C12:F100 –Ω–∞ –∞–∫—Ç—É–∞–ª—å–Ω—ã–µ
–∏–∑ –ª–∏—á–Ω–æ–≥–æ –∫–∞–±–∏–Ω–µ—Ç–∞
—Å–µ–ª–ª–µ—Ä–∞ –ø–æ —Å—Å—ã–ª–∫–µ",,,,
,,,,,,,,,,,,,,,,,,,,,,,,,,,,,,,,,,,,,,,,,,
,,,,,,,,,,,,,,,,,,,,,,,,,,,,,,,,,,,,,,,,,,
,,,,,,,,,,,,,,,,,,,,,,,,,,,,,,,,,,,,,,,,,,
,,,,,,,,,,,,,,,,,,,,,,,,,,,,,,,,,,,,,,,,,,
,,,,,,,,,,,,,,,,,,,,,,,,,,,,,,,,,,,,,,,,,,
,,,,,,,,,,,,,,,,,,,,,,,,,,,,,,,,,,,,,,,,,,
,,,02,,,03,,,,,,,04,,,,05,,,06,,,,07,,,,,08,,,,,09,,,,,,,,
,,"–ù–∞–∑–≤–∞–Ω–∏—è
–≤–∞—à–∏—Ö –ò–ü",,,,"–ß—Ç–æ –¥–ª—è –Ω–∞—Å –≤–∞–∂–Ω–æ ‚Äî –º–∞—Ä–∂–∏–Ω–∞–ª—å–Ω–æ—Å—Ç—å –æ—Ç
–ø—Ä–∏—à–µ–¥—à–∏—Ö –¥–µ–Ω–µ–≥ –Ω–∞ —Å—á–µ—Ç
–∏–ª–∏ –º–∞—Ä–∂–∏–Ω–∞–ª—å–Ω–æ—Å—Ç—å
–æ—Ç —Ü–µ–Ω—ã –ø—Ä–æ–¥–∞–∂–∏?",,,,,,,"–ú–∞—Ä–∂–∏–Ω–∞–ª—å–Ω–æ—Å—Ç—å –≤ –ø—Ä–æ—Ü–µ–Ω—Ç–∞—Ö,
–Ω–∏–∂–µ –∫–æ—Ç–æ—Ä–æ–π
–Ω–∞–º –Ω–µ –∏–Ω—Ç–µ—Ä–µ—Å–Ω–æ —Ä–∞–±–æ—Ç–∞—Ç—å ",,,,–ù–∞–ª–æ–≥ –£–°–ù ¬´–î–æ—Ö–æ–¥—ã¬ª + —Å—Ç—Ä–∞—Ö–æ–≤—ã–µ,,,,,,,"–í—ã–±–∏—Ä–∞–µ–º, –∫–∞–∫ —Å—á–∏—Ç–∞—Ç—å
–Ω–∞–ª–æ–≥ ‚Äî —Å –ø—Ä–æ–¥–∞–∂
(—ç—Ç–æ –ø—Ä–∞–≤–∏–ª—å–Ω–æ) –∏–ª–∏
—Å –¥–µ–Ω–µ–≥, –ø—Ä–∏—à–µ–¥—à–∏—Ö
–Ω–∞ —Å—á–µ—Ç",,,,,–ù–∞–ª–æ–≥ –ù–î–°,,,,,"–í—ã–±–∏—Ä–∞–µ–º –ø—Ä–æ—Ü–µ–Ω—Ç —ç–∫–≤–∞–π—Ä–∏–Ω–≥–∞ –Ω–∞ WB.
–ú–æ–∂–µ—Ç –±—ã—Ç—å
–æ—Ç 0,4%
–¥–æ 3,0%",,,,,,,,
,,,,,,,,,,,,,,,,,,,,,,,,,,,,,,,,,,,,,,,,,,
,,–ò–ü –ö–æ–ø—ã—Ç–∏–Ω–∞ –ö.–í.,,,,–ú–∞—Ä–∂–∏–Ω–∞–ª—å–Ω–æ—Å—Ç—å –ø—Ä–∏—Ö–æ–¥–∞,,,,,,,15 %,,,,7%,,,,,,,–ù–∞–ª–æ–≥ —Å –ø—Ä–æ–¥–∞–∂,,,,,0 %,,,,,"3,00%",,,,,,,,
,,–∏–ø Samga,,,,–ú–∞—Ä–∂–∏–Ω–∞–ª—å–Ω–æ—Å—Ç—å –ø—Ä–∏—Ö–æ–¥–∞,,,,,,,10 %,,,,4%,,,,,,,–ù–∞–ª–æ–≥ —Å –ø—Ä–æ–¥–∞–∂,,,,,0 %,,,,,"2,00%",,,,,,,,
,,–∏–ø F,,,,–ú–∞—Ä–∂–∏–Ω–∞–ª—å–Ω–æ—Å—Ç—å –ø—Ä–∏—Ö–æ–¥–∞,,,,,,,5 %,,,,4%,,,,,,,–ù–∞–ª–æ–≥ —Å –ø—Ä–æ–¥–∞–∂,,,,,0 %,,,,,2%,,,,,,,,
,,–ò–ü –ö—É–∑–Ω–µ—Ü–æ–≤ –ò.–ò.,,,,,,,,,,,,,,,,,,,,,,,,,,,,,,,,,,,,,,,,
,,,,,,,,,,,,,,,,,,,,,,,,,,,,,,,,,,,,,,,,,,
,,,,,,,,,,,,,,,,,,,,,,,,,,,,,,,,,,,,,,,,,,
,,,,,,,,,,,,12,,,,,,,,,,,,,,13,,,,,,,,,,,,,,,,14
,,,,,,,,–í ¬´ü§ñ –ö–∞–ª—å–∫—É–ª—è—Ç–æ—Ä¬ª  –≤ —Å—Ç–æ–ª–±—Ü–µ AP –≤—ã–±–∏—Ä–∞–µ–º –≤–∞—à–µ –ò–ü,,,,,,,,,,,"–í ¬´ü§ñ –ö–∞–ª—å–∫—É–ª—è—Ç–æ—Ä¬ª  –≤ —Å—Ç–æ–ª–±—Ü–µ AQ –≤—ã–±–∏—Ä–∞–µ–º –Ω–∞–∑–≤–∞–Ω–∏–µ –º–∞—Ä–∫–µ—Ç–ø–ª–µ–π—Å–∞, –¥–ª—è –∫–æ—Ç–æ—Ä–æ–≥–æ –¥–µ–ª–∞–µ–º —Ä–∞—Å—á–µ—Ç",,,,,,,,,,,,,,,,,–í ¬´ü§ñ –ö–∞–ª—å–∫—É–ª—è—Ç–æ—Ä¬ª  –≤ —Å—Ç–æ–ª–±—Ü–µ AR –≤—ã–±–∏—Ä–∞–µ–º FBO –∏–ª–∏ FBS,,,,,,
,,,,,,,,,,,,,,,,,,,,,,,,,,,,,,,,,,,,,,,,,,
,,,,,,,,,,,,,,,,,,,,,,,,,,,,,,,,,,,,,,,,,,
,,,,,,,,,,,,,,,,,,,,,,,,,,,,,,,,,,,,,,,,,,
,,,,,,,,,,,,,,,,,,,,,,,,,,,,,,,,,,,,,,,,,,
,,,,,,,,,,,,,,,,,,,,,,,,,,,,,,,,,,,,,,,,,,
,,,,,,,,,,,,,,,,,,,,,,,,,,,,,,,,,,,,,,,,,,
,,,,,,,,,,,,,,,,,15,,,,,,,,,,,,,,,,,,,,,,,,,
,,,,,,,,,,,,,,,,,"–ß—Ç–æ–±—ã –≤–µ—Ä–Ω–æ –ø–æ—Å—á–∏—Ç–∞—Ç—å Unit-—ç–∫–æ–Ω–æ–º–∏–∫—É WB,
–Ω—É–∂–Ω–æ –∏—Å–ø–æ–ª—å–∑–æ–≤–∞—Ç—å –∫–æ—ç—Ñ—Ñ–∏—Ü–∏–µ–Ω—Ç—ã
—Å–∞–º–æ–≥–æ –¥–æ—Ä–æ–≥–æ –Ω–∞—à–µ–≥–æ —Å–∫–ª–∞–¥–∞.",,,,,,,,,,,,,,,,,,,,,,,,,
,,,,,,,,,,,,,,,,,,,,,,,,,,,,,,,,,,,,,,,,,,
,,,,,,,,,,,,,,,,,,,,,,,,,,,,,,,,,,,,,,,,,,
,,,,,,,,,,,,,,,,,"–í–ø–∏—Å—ã–≤–∞–µ–º, –Ω–∞ –∫–∞–∫–∏–µ —Å–∫–ª–∞–¥—ã WB
–º—ã –≥–æ—Ç–æ–≤—ã –≥—Ä—É–∑–∏—Ç—å—Å—è –∏–ª–∏ —É–∂–µ –≥—Ä—É–∑–∏–º—Å—è",,,,,,,,,,,,,,,,,,,,,,,,,
,,,,,,,,,,,,,,,,,,,,,,,,,,,,,,,,,,,,,,,,,,
,,,,,,,,,,,,,,,,,,"–ö–æ–ª–µ–¥–∏–Ω–æ, –≠–ª–µ–∫—Ç—Ä–æ—Å—Ç–∞–ª—å, –ö—Ä–∞—Å–Ω–æ–¥–∞—Ä (–¢–∏—Ö–æ—Ä–µ—Ü–∫–∞—è), –ö–∞–∑–∞–Ω—å, –°–∞–Ω–∫—Ç-–ü–µ—Ç–µ—Ä–±—É—Ä–≥ (–£—Ç–∫–∏–Ω–∞ –ó–∞–≤–æ–¥—å), –°–¶ –•–∞–±–∞—Ä–æ–≤—Å–∫, –¢—É–ª–∞",,,,,,,,,,,,,,,,,,,,,,,,
,,,,,,,,,,,,,,,,,,,,,,,,,,,,,,,,,,,,,,,,,,
,,,,,,,,,,,,,,,,,,,,,,,,,,,,,,,,,,,,,,,,,,
,,,,,,,,,,,,,,,,,,,,,,,,,,,,,,,,,,,,,,,,,,
,,,,,,,,,,,,,,,,,,,,,,,,,,,,,,,,,,,,,,,,,,
,,,,,,,,,,,,,,,,,16,,,,,,,,,,,,,,,,,,,,,,,,,
,,,,,,,,,,,,,,,"–í—ã–±–æ—Ä –æ–ø—Ü–∏–π –¥–ª—è –≤–∞—à–∏—Ö –ò–ü
–∏–∑ –ö–æ–Ω—Å—Ç—Ä—É–∫—Ç–æ—Ä–∞ —Ç–∞—Ä–∏—Ñ–æ–≤
–Ω–∞ WB",,,,,,,,,,,,,,,,,,,,,,,,,,,
,,,,,,,,,,,,,,,,,,,,,,,,,,,,,,,,,,,,,,,,,,
,,,,,,,,,,,,,,,,,,,,,,,,,,,,,,,,,,,,,,,,,,
,,,,,,,,,,,,,,,,,–í—ã–±–∏—Ä–∞–µ–º –ò–ü –∏–∑ –≤–∞—à–µ–≥–æ —Å–ø–∏—Å–∫–∞ –≤ –ø—É–Ω–∫—Ç–µ 02:,,,,,,,,,,,,,,,,,,,,,,,,,
,,,,,,,,,,,,,,,,,–ò–ü –ö–æ–ø—ã—Ç–∏–Ω–∞ –ö.–í.,,,,,,,,,,,,,,,–°—É–º–º–∞—Ä–Ω—ã–π %:,,,,"0,00%",,,,,,
,,,,,,,,,,,,,,,,–í—ã–±–∏—Ä–∞–µ–º –æ–ø—Ü–∏–∏ —Ç–∞—Ä–∏—Ñ–∞:,,,,,,,,,,,,,,,,,,,,,,,,,,
,,,,,,,,,,,,,,,,,,,,,,,,,,,,,,,,,,,,,,,,,,
,,,,,,,,,,,,,,,,,,,,,,,,,,,,,,,,,,,,,,,,,,
,,,,,,,,,,,,,,,,,,,,,,,,,,,,,,,,,,,,,,,,,,
,,,,,,,,,,,,,,,,,,,,,,,,,,,,,,,,,,,,,,,,,,
,,,,,,,,,,,,,,,,,,,,,,,,,,,,,,,,,,,,,,,,,,
,,,,,,,,,,,,,,,,,–í—ã–±–∏—Ä–∞–µ–º –ò–ü –∏–∑ –≤–∞—à–µ–≥–æ —Å–ø–∏—Å–∫–∞ –≤ –ø—É–Ω–∫—Ç–µ 02:,,,,,,,,,,,,,,,,,,,,,,,,,
,,,,,,,,,,,,,,,,,–ò–ü –ö—É–∑–Ω–µ—Ü–æ–≤ –ò.–ò.,,,,,,,,,,,,,,,–°—É–º–º–∞—Ä–Ω—ã–π %:,,,,"0,00%",,,,,,
,,,,,,,,,,,,,,,,–í—ã–±–∏—Ä–∞–µ–º –æ–ø—Ü–∏–∏ —Ç–∞—Ä–∏—Ñ–∞:,,,,,,,,,,,,,,,,,,,,,,,,,,
,,,,,,,,,,,,,,,,,,,,,,,,,,,,,,,,,,,,,,,,,,
,,,,,,,,,,,,,,,,,,,,,,,,,,,,,,,,,,,,,,,,,,
,,,,,,,,,,,,,,,,,,,,,,,,,,,,,,,,,,,,,,,,,,
,,,,,,,,,,,,,,,,,,,,,,,,,,,,,,,,,,,,,,,,,,
,,,,,,,,,,,,,,,,,,,,,,,,,,,,,,,,,,,,,,,,,,
,,,,,,,,,,,,,,,,,–í—ã–±–∏—Ä–∞–µ–º –ò–ü –∏–∑ –≤–∞—à–µ–≥–æ —Å–ø–∏—Å–∫–∞ –≤ –ø—É–Ω–∫—Ç–µ 02:,,,,,,,,,,,,,,,,,,,,,,,,,
,,,,,,,,,,,,,,,,,2 –ë—Ä–µ–Ω–¥,,,,,,,,,,,,,,,–°—É–º–º–∞—Ä–Ω—ã–π %:,,,,"0,00%",,,,,,
,,,,,,,,,,,,,,,,–í—ã–±–∏—Ä–∞–µ–º –æ–ø—Ü–∏–∏ —Ç–∞—Ä–∏—Ñ–∞:,,,,,,,,,,,,,,,,,,,,,,,,,,
,,,,,,,,,,,,,,,,,,,,,,,,,,,,,,,,,,,,,,,,,,
,,,,,,,,,,,,,,,,,,,,,,,,,,,,,,,,,,,,,,,,,,
,,,,,,,,,,,,,,,,,,,,,,,,,,,,,,,,,,,,,,,,,,
,,,,,,,,,,,,,,,,,,,,,,,,,,,,,,,,,,,,,,,,,,
,,,,,,,,,,,,,,,,,,,,,,,,,,,,,,,,,,,,,,,,,,
,,,,,,,,,,,,,,,,,–í—ã–±–∏—Ä–∞–µ–º –ò–ü –∏–∑ –≤–∞—à–µ–≥–æ —Å–ø–∏—Å–∫–∞ –≤ –ø—É–Ω–∫—Ç–µ 02:,,,,,,,,,,,,,,,,,,,,,,,,,
,,,,,,,,,,,,,,,,,,,,,,,,,,,,,,,,–°—É–º–º–∞—Ä–Ω—ã–π %:,,,,"0,00%",,,,,,
,,,,,,,,,,,,,,,,–í—ã–±–∏—Ä–∞–µ–º –æ–ø—Ü–∏–∏ —Ç–∞—Ä–∏—Ñ–∞:,,,,,,,,,,,,,,,,,,,,,,,,,,
,,,,,,,,,,,,,,,,,,,,,,,,,,,,,,,,,,,,,,,,,,
,,,,,,,,,,,,,,,,,,,,,,,,,,,,,,,,,,,,,,,,,,
,,,,,,,,,,,,,,,,,,,,,,,,,,,,,,,,,,,,,,,,,,
,,,,,,,,,,,,,,,,,,,,,,,,,,,,,,,,,,,,,,,,,,
,,,,,,,,,,,,,,,,,,,,,,,,,,,,,,,,,,,,,,,,,,
,,,,,,,,,,,,,,,,,–í—ã–±–∏—Ä–∞–µ–º –ò–ü –∏–∑ –≤–∞—à–µ–≥–æ —Å–ø–∏—Å–∫–∞ –≤ –ø—É–Ω–∫—Ç–µ 02:,,,,,,,,,,,,,,,,,,,,,,,,,
,,,,,,,,,,,,,,,,,,,,,,,,,,,,,,,,–°—É–º–º–∞—Ä–Ω—ã–π %:,,,,"0,00%",,,,,,
,,,,,,,,,,,,,,,,–í—ã–±–∏—Ä–∞–µ–º –æ–ø—Ü–∏–∏ —Ç–∞—Ä–∏—Ñ–∞:,,,,,,,,,,,,,,,,,,,,,,,,,,
,,,,,,,,,,,,,,,,,,,,,,,,,,,,,,,,,,,,,,,,,,
,,,,,,,,,,,,,,,,,,,,,,,,,,,,,,,,,,,,,,,,,,
,,,,,,,,,,,,,,,,,,,,,,,,,,,,,,,,,,,,,,,,,,
,,,,,,,,,,,,,,,,,,,,,,,,,,,,,,,,,,,,,,,,,,
,,,,,,,,,,,,,,,,,,,,,,,,,,,,,,,,,,,,,,,,,,
,,,,,,,,,,,,,,,,,–í—ã–±–∏—Ä–∞–µ–º –ò–ü –∏–∑ –≤–∞—à–µ–≥–æ —Å–ø–∏—Å–∫–∞ –≤ –ø—É–Ω–∫—Ç–µ 02:,,,,,,,,,,,,,,,,,,,,,,,,,
,,,,,,,,,,,,,,,,,,,,,,,,,,,,,,,,–°—É–º–º–∞—Ä–Ω—ã–π %:,,,,"0,00%",,,,,,
,,,,,,,,,,,,,,,,–í—ã–±–∏—Ä–∞–µ–º –æ–ø—Ü–∏–∏ —Ç–∞—Ä–∏—Ñ–∞:,,,,,,,,,,,,,,,,,,,,,,,,,,
,,,,,,,,,,,,,,,,,,,,,,,,,,,,,,,,,,,,,,,,,,
,,,,,,,,,,,,,,,,,,,,,,,,,,,,,,,,,,,,,,,,,,
,,,,,,,,,,,,,,,,,,,,,,,,,,,,,,,,,,,,,,,,,,
,,,,,,,,,,,,,,,,,,,,,,,,,,,,,,,,,,,,,,,,,,
,,,,,,,,,,,,,,,,,,,,,,,,,,,,,,,,,,,,,,,,,,
–û–ü–ò–°–ê–ù–ò–ï –í–ö–õ–ê–î–û–ö:,,,,,,,,,,,,,,,,,,,,,,,,,,,,,,,,,,,,,,,,,,
,,,,,,,,,,,,,,,,,,,,,,,,,,,,,,,,,,,,,,,,,,
,,,,,,,,,,,,01,,,,,,,,,,,,,,,,,,02,,,,,,,,,,,,
,,,,,,,,,,,,"–í 5 —Å—Ç—Ä–æ—á–∫–µ –≤ ¬´ü§ñ–ö–∞–ª—å–∫—É–ª—è—Ç–æ—Ä¬ª —É–∫–∞–∑–∞–Ω—ã
–æ–±—ä—è—Å–Ω–µ–Ω–∏—è –∑–Ω–∞—á–µ–Ω–∏–π –∫–∞–∂–¥–æ–≥–æ
—Å—Ç–æ–ª–±—Ü–∞ –∫–∞–ª—å–∫—É–ª—è—Ç–æ—Ä–∞.
–ò—Ö –º–æ–∂–Ω–æ —Å–∫—Ä—ã—Ç—å –∏–ª–∏ –æ—Ç–∫—Ä—ã—Ç—å,
–Ω–∞–∂–∞–≤ –Ω–∞ ‚ûï—Å–ª–µ–≤–∞ –æ—Ç —Å—Ç—Ä–æ–∫–∏ 4",,,,,,,,,,,,,,,,,,"–í–æ –≤–∫–ª–∞–¥–∫–µ ¬´üìÑ–ö–æ–º–∏—Å—Å–∏–∏¬ª ‚Äî –∞–∫—Ç—É–∞–ª—å–Ω—ã–µ –∫–æ–º–∏—Å—Å–∏–∏ –≤—Å–µ—Ö –º–∞—Ä–∫—Ç–µ–ª–ø–µ–π—Å–æ–≤. –≠—Ç–∏ –¥–∞–Ω–Ω—ã–µ –ø–µ—Ä–∏–æ–¥–∏—á–µ—Å–∫–∏ –º–µ–Ω—è—é—Ç—Å—è, —Å—Å—ã–ª–∫–∏ –Ω–∞ –∞–∫—Ç—É–∞–ª—å–Ω—ã–µ –¥–∞–Ω–Ω—ã–µ —É–∫–∞–∑–∞–Ω—ã –≤ —Ç–∞–±–ª–∏—Ü–µ ",,,,,,,,,,,,
,,,,,,,,,,,,,,,,,,,,,,,,,,,,,,,,,,,,,,,,,,
,,,,,,,,,,,,,,,,,,,,,,,,,,,,,,,,,,,,,,,,,,
,,,,,,,,,,,,,,,,,,,,,,,,,,,,,,,,,,,,,,,,,,
,,,,,,,,,,,,,,,,,,,,,,,,,,,,,,,,,,,,,,,,,,
,,,,,,,,,,,,,,,,,,,,,,,,,,,,,,,,,,,,,,,,,,
,,,,,,,,,,,,,,,,,,,,,,,,,,,,,,,,,,,,,,,,,,
,,,,,,,,,,,,03,,,,,,,,,,,,,,,,,,,,,,,,,,,,,,
,,,,,,,,,,,,"–í–æ –≤–∫–ª–∞–¥–∫–µ ¬´üîí–î–æ–ø. –∏–Ω—Ñ–æ—Ä–º–∞—Ü–∏—è¬ª —É–∫–∞–∑–∞–Ω—ã –∞–∫—Ç—É–∞–ª—å–Ω—ã–µ –¥–æ–ø–æ–ª–Ω–∏—Ç–µ–ª—å–Ω—ã–µ –¥–∞–Ω–Ω—ã–µ
–æ—Ç –º–∞—Ä–∫—Ç–µ–ø–ª–µ–π—Å–æ–≤. –≠—Ç–∏ –¥–∞–Ω–Ω—ã–µ
–ø–µ—Ä–∏–æ–¥–∏—á–µ—Å–∫–∏ –º–µ–Ω—è—é—Ç—Å—è, —Å—Å—ã–ª–∫–∏ –Ω–∞ –∞–∫—Ç—É–∞–ª—å–Ω—ã–µ –¥–∞–Ω–Ω—ã–µ —É–∫–∞–∑–∞–Ω—ã –≤ —Ç–∞–±–ª–∏—Ü–µ",,,,,,,,,,,,,,,,,,,,,,,,,,,,,,