,,,üîí –î–æ–ø–æ–ª–Ω–∏—Ç–µ–ª—å–Ω–∞—è –∏–Ω—Ñ–æ—Ä–º–∞—Ü–∏—è –æ—Ç WB,,,,,,,,,,,,
,,,,,,,,,,,,,,,
,üìå –ê–∫—Ç—É–∞–ª—å–Ω—É—é –∏–Ω—Ñ–æ—Ä–º–∞—Ü–∏—é –Ω—É–∂–Ω–æ –≤–∑—è—Ç—å —Ç—É—Ç.,,,,,,,,,,,,,,
,,,,,,,,,,,,,,,
,,,,,,,,,,,,,,,
,,,üóìÔ∏è –ü–æ—Å–ª–µ–¥–Ω–µ–µ –æ–±–Ω–æ–≤–ª–µ–Ω–∏–µ:,,10.11.2025,,,,,,,,üóìÔ∏è –ü–æ—Å–ª–µ–¥–Ω–µ–µ –æ–±–Ω–æ–≤–ª–µ–Ω–∏–µ:,,15.09.2025
,–ö–æ—ç—Ñ—Ñ–∏—Ü–∏–µ–Ω—Ç—ã —Å–∫–ª–∞–¥–æ–≤,,,,,,,,–°—Ç–æ–∏–º–æ—Å—Ç—å –ª–æ–≥–∏—Å—Ç–∏–∫–∏ –∏ —Ö—Ä–∞–Ω–µ–Ω–∏—è,,,,,,
,,,,"–î–æ—Å—Ç–∞–≤–∫–∞ 1 –ª., ‚ÇΩ","–î–æ—Å—Ç–∞–≤–∫–∞ –∫–∞–∂–¥–æ–≥–æ –¥–æ–ø. –ª., ‚ÇΩ","–•—Ä–∞–Ω–µ–Ω–∏–µ 1 –ª., ‚ÇΩ","–•—Ä–∞–Ω–µ–Ω–∏–µ –∫–∞–∂–¥–æ–≥–æ –¥–æ–ø. –ª., ‚ÇΩ",,,"–î–æ—Å—Ç–∞–≤–∫–∞
1 –ª, ‚ÇΩ","–î–æ—Å—Ç–∞–≤–∫–∞ –∫–∞–∂–¥–æ–≥–æ –¥–æ–ø –ª, ‚ÇΩ","–•—Ä–∞–Ω–µ–Ω–∏–µ
1 –ª, ‚ÇΩ","–•—Ä–∞–Ω–µ–Ω–∏–µ –∫–∞–∂–¥–æ–≥–æ –¥–æ–ø –ª, ‚ÇΩ","–•—Ä–∞–Ω–µ–Ω–∏–µ
1 –º–æ–Ω–æ–ø–∞–ª–µ—Ç—ã, ‚ÇΩ","–û—Ç –∫–ª–∏–µ–Ω—Ç–∞, ‚ÇΩ"
,,–ö–æ—Ä–æ–±,–ú–∞–∫—Å. –∏–∑ –Ω–∞—à–∏—Ö,138,42,"0,24","0,24",,–ö–æ—Ä–æ–±,46,14,"0,08","0,08",0,50
,,–ú–æ–Ω–æ,–ú–∞–∫—Å. –∏–∑ –Ω–∞—à–∏—Ö,115,35,65,0,,–ú–æ–Ω–æ,46,14,0,0,23,50
,,,,,,,,,,,,,,,
,FALSE,–ö–æ—Ä–æ–±,–°–¶ –ë–µ–ª–∞—è –î–∞—á–∞,"94,3","28,7","0,16","0,16",,–ö–æ–Ω—Å—Ç—Ä—É–∫—Ç–æ—Ä —Ç–∞—Ä–∏—Ñ–æ–≤,,,,,,
,FALSE,–ö–æ—Ä–æ–±,–°–¶ –†–æ—Å—Ç–æ–≤-–Ω–∞-–î–æ–Ω—É,"80,5","24,5","0,14","0,14",,,,,,,,
,FALSE,–ö–æ—Ä–æ–±,–°–¶ –í–ª–∞–¥–∏–∫–∞–≤–∫–∞–∑,"59,8","18,2","0,1","0,1",,,,,–û–ø—Ü–∏–π,–í–Ω–µ—à–∫–∞,,
,FALSE,–ö–æ—Ä–æ–±,–°–¶ –õ–∏–ø–µ—Ü–∫,"73,6","22,4","0,13","0,13",,–ó–∞–ø—Ä–æ—Å –≤—ã–≤–æ–¥–∞ –¥–µ–Ω–µ–≥ –≤ –ª—é–±–æ–π –¥–µ–Ω—å,,,1,FALSE,–û–ø—Ü–∏—è,"2,50%"
,FALSE,–ö–æ—Ä–æ–±,–°–¶ –ù–æ–≤–æ—Å–∏–±–∏—Ä—Å–∫ –ü–∞—Å–µ—á–Ω–∞—è,161,49,"0,28","0,28",,–û—Ç–∫–ª—é—á–µ–Ω–∏–µ –ø–æ—Ö–æ–∂–∏—Ö —Ç–æ–≤–∞—Ä–æ–≤ –¥—Ä—É–≥–∏—Ö –ø—Ä–æ–¥–∞–≤—Ü–æ–≤ –≤ –≤–∞—à–∏—Ö –∫–∞—Ä—Ç–æ—á–∫–∞—Ö —Ç–æ–≤–∞—Ä–æ–≤,,,1,FALSE,–û–ø—Ü–∏—è,"2,50%"
,FALSE,–ö–æ—Ä–æ–±,–°–¶ –ò–∂–µ–≤—Å–∫,"73,6","22,4","0,13","0,13",,–ü–æ–≤—ã—à–µ–Ω–∏–µ –ø–æ–∑–∏—Ü–∏–∏ —Ç–æ–≤–∞—Ä–∞ –≤ –ø–æ–∏—Å–∫–µ –∏ –∫–∞—Ç–∞–ª–æ–≥–µ,,,1,FALSE,–û–ø—Ü–∏—è,"2,30%"
,FALSE,–ö–æ—Ä–æ–±,–°–¶ –û–º—Å–∫,"73,6","22,4","0,13","0,13",,–ê–≤—Ç–æ–∑–∞–ø—É—Å–∫ –≤–∏–¥–µ–æ –≤ –∫–∞—Ç–∞–ª–æ–≥–µ,,,1,FALSE,–û–ø—Ü–∏—è,"1,50%"
,TRUE,–ö–æ—Ä–æ–±,–°–¶ –•–∞–±–∞—Ä–æ–≤—Å–∫,"87,4","26,6","0,15","0,15",,–ü–æ–¥–ø–∏—Å–∫–∞ ¬´–î–∂–µ–º¬ª,,,1,FALSE,–û–ø—Ü–∏—è,"1,50%"
,FALSE,–ö–æ—Ä–æ–±,–°–¶ –ê—Å—Ç—Ä–∞—Ö–∞–Ω—å,"73,6","22,4","0,13","0,13",,–û—Ç–∫–ª—é—á–µ–Ω–∏–µ –≥—Ä–∞—Ñ–∏–∫–∞ –∏–∑–º–µ–Ω–µ–Ω–∏—è —Ü–µ–Ω—ã –≤ –∫–∞—Ä—Ç–æ—á–∫–∞—Ö —Ç–æ–≤–∞—Ä–æ–≤,,,1,FALSE,–û–ø—Ü–∏—è,"1,50%"
,FALSE,–ö–æ—Ä–æ–±,–°–¶ –ß–∏—Ç–∞ 2,"59,8","18,2","0,1","0,1",,–ü—Ä–æ–±–Ω—ã–µ –∑–∞–∫—É–ø–∫–∏ —Å–æ–±—Å—Ç–≤–µ–Ω–Ω—ã—Ö —Ç–æ–≤–∞—Ä–æ–≤,,,1,FALSE,–û–ø—Ü–∏—è,"0,75%"
,FALSE,–ö–æ—Ä–æ–±,–°–¶ –£—Ñ–∞,"96,6","29,4","0,17","0,17",,–ê–∫—Ü–µ–Ω—Ç–Ω—ã–µ —Ü–≤–µ—Ç–∞ –∫–∞—Ä—Ç–æ—á–∫–∏ —Ç–æ–≤–∞—Ä–∞,,,1,FALSE,–û–ø—Ü–∏—è,"1,00%"
,FALSE,–ö–æ—Ä–æ–±,–°–¶ –®—ã–º–∫–µ–Ω—Ç,"52,9","16,1","0,09","0,09",,–ê–≤—Ç–æ–∑–∞–ø—É—Å–∫ –≤–∏–¥–µ–æ –≤ –∫–∞—Ä—Ç–æ—á–∫–∞—Ö —Ç–æ–≤–∞—Ä–æ–≤,,,1,FALSE,–û–ø—Ü–∏—è,"1,00%"
,FALSE,–ö–æ—Ä–æ–±,–°–¶ –¢–æ–º—Å–∫,92,28,"0,16","0,16",,–ó–∞–∫—Ä–µ–ø–ª–µ–Ω–∏–µ –æ—Ç–∑—ã–≤–∞,,,1,FALSE,–û–ø—Ü–∏—è,"1,00%"
,FALSE,–ö–æ—Ä–æ–±,–°–¶ –ß–µ–ª—è–±–∏–Ω—Å–∫ 2,"82,8","25,2","0,14","0,14",,–î–æ–ø–æ–ª–Ω–∏—Ç–µ–ª—å–Ω–∞—è –∑–∞—â–∏—Ç–∞ –æ—Ç –º–∞—Å—Å–æ–≤—ã—Ö –∑–∞–∫–∞–∑–æ–≤ –∫–æ–Ω–∫—É—Ä–µ–Ω—Ç–æ–≤,,,1,FALSE,–û–ø—Ü–∏—è,"0,75%"
,FALSE,–ö–æ—Ä–æ–±,–°–∞–Ω–∫—Ç-–ü–µ—Ç–µ—Ä–±—É—Ä–≥ –°–ì–¢,"48,3","14,7","0,08","0,08",,"–ß–∞—Ç —Å –ø–æ–∫—É–ø–∞—Ç–µ–ª–µ–º, –æ—Å—Ç–∞–≤–∏–≤—à–∏–º –æ—Ç–∑—ã–≤",,,1,FALSE,–û–ø—Ü–∏—è,"0,75%"
,FALSE,–ö–æ—Ä–æ–±,–Ø—Ä–æ—Å–ª–∞–≤–ª—å –°–ì–¢,46,14,"0,08","0,08",,–°—Ç–∞—Ç—É—Å –ü—Ä–µ–º–∏—É–º-–ø—Ä–æ–¥–∞–≤—Ü–∞,,,1,FALSE,–û–ø—Ü–∏—è,"0,75%"
,FALSE,–ö–æ—Ä–æ–±,–¢–∞—à–∫–µ–Ω—Ç 1,46,14,"0,08","0,08",,–î–æ–ø–æ–ª–Ω–∏—Ç–µ–ª—å–Ω—ã–π –æ—Ç—á—ë—Ç ¬´–ü–æ–∏—Å–∫–æ–≤—ã–µ –∑–∞–ø—Ä–æ—Å—ã: –≤–∞—à–∏ —Ç–æ–≤–∞—Ä—ã¬ª,,,1,FALSE,–û–ø—Ü–∏—è,"0,75%"
,FALSE,–ö–æ—Ä–æ–±,–°–¶ –ß–µ–±–æ–∫—Å–∞—Ä—ã 2,"78,2","23,8","0,14","0,14",,–ü–æ–∫–∞–∑ –∏ –≥–µ–Ω–µ—Ä–∞—Ü–∏—è —Ä–∏—á-–∫–æ–Ω—Ç–µ–Ω—Ç–∞ –±–µ–∑ –æ–≥—Ä–∞–Ω–∏—á–µ–Ω–∏–π,,,1,FALSE,–û–ø—Ü–∏—è,"0,70%"
,FALSE,–ö–æ—Ä–æ–±,–°–¶ –£–ª—å—è–Ω–æ–≤—Å–∫,"82,8","25,2","0,14","0,14",,–†–µ–∫–æ–º–µ–Ω–¥–∞—Ü–∏–∏ –ø–æ —Ä—ã–Ω–æ—á–Ω–æ–π —Ü–µ–Ω–µ,,,1,FALSE,–û–ø—Ü–∏—è,"0,50%"
,FALSE,–ö–æ—Ä–æ–±,–û–±—É—Ö–æ–≤–æ,"78,2","23,8","0,14","0,14",,–£–ª—É—á—à–µ–Ω–∏–µ –∫–∞—á–µ—Å—Ç–≤–∞ —Ñ–æ—Ç–æ –∏ –≤–∏–¥–µ–æ,,,1,FALSE,–û–ø—Ü–∏—è,"0,50%"
,FALSE,–ö–æ—Ä–æ–±,–°–¶ –ö—É—Ä—Å–∫,"73,6","22,4","0,13","0,13",,–ò–ò-–æ—Ç–≤–µ—Ç—ã –Ω–∞ –æ—Ç–∑—ã–≤—ã –∏ –≤–æ–ø—Ä–æ—Å—ã,,,1,FALSE,–û–ø—Ü–∏—è,"0,50%"
,FALSE,–ö–æ—Ä–æ–±,–ê–ª–º–∞—Ç—ã –ê—Ç–∞–∫–µ–Ω—Ç,"66,7","20,3","0,12","0,12",,–°–∞–º–æ—Å—Ç–æ—è—Ç–µ–ª—å–Ω–∞—è –ø—Ä–∏—ë–º–∫–∞ –≤ –°–¶ –¥–ª—è –º–æ–¥–µ–ª–∏ ¬´–ú–∞—Ä–∫–µ—Ç–ø–ª–µ–π—Å¬ª,,,1,FALSE,–û–ø—Ü–∏—è,"0,50%"
,FALSE,–ö–æ—Ä–æ–±,–°–¶ –ò—Ä–∫—É—Ç—Å–∫,"78,2","23,8","0,14","0,14",,–ü–µ—Ä–µ—Ä–∞—Å–ø—Ä–µ–¥–µ–ª–µ–Ω–∏–µ –æ—Å—Ç–∞—Ç–∫–æ–≤ –º–µ–∂–¥—É —Å–∫–ª–∞–¥–∞–º–∏,,,1,FALSE,–û–ø—Ü–∏—è,"0,50%"
,FALSE,–ö–æ—Ä–æ–±,–°–æ—Ñ—Ä–∏–Ω–æ –°–ì–¢,"43,7","13,3","0,08","0,08",,–î–æ—Å—Ç—É–ø –∫ –∫—É—Ä—Å–∞–º Pro WB,,,1,FALSE,–û–ø—Ü–∏—è,"0,50%"
,FALSE,–ö–æ—Ä–æ–±,–°–¶ –ú—É—Ä–º–∞–Ω—Å–∫,"75,9","23,1","0,13","0,13",,–ü—Ä–∏–æ—Ä–∏—Ç–µ—Ç–Ω–∞—è –ø–µ—Ä—Å–æ–Ω–∞–ª—å–Ω–∞—è –ø–æ–¥–¥–µ—Ä–∂–∫–∞,,,1,FALSE,–û–ø—Ü–∏—è,"0,50%"
,FALSE,–ö–æ—Ä–æ–±,–†–∞–¥—É–º–ª—è –°–ì–¢,"43,7","13,3","0,08","0,08",,–ü—Ä–∏–æ—Ä–∏—Ç–µ—Ç–Ω–æ–µ —Ä–∞—Å—Å–º–æ—Ç—Ä–µ–Ω–∏–µ –∂–∞–ª–æ–± –Ω–∞ –æ—Ç–∑—ã–≤—ã,,,1,FALSE,–û–ø—Ü–∏—è,"0,50%"
,TRUE,–ö–æ—Ä–æ–±,–ö—Ä–∞—Å–Ω–æ–¥–∞—Ä (–¢–∏—Ö–æ—Ä–µ—Ü–∫–∞—è),"75,9","23,1","0,13","0,13",,–ü—Ä–æ–ø—É—Å–∫ —Ü–µ–ª–∏ –≤ –ø—Ä–æ–≥—Ä–∞–º–º–µ –ª–æ—è–ª—å–Ω–æ—Å—Ç–∏,,,1,FALSE,–û–ø—Ü–∏—è,"0,50%"
,FALSE,–ö–æ—Ä–æ–±,–ß–µ–ª—è–±–∏–Ω—Å–∫ –°–ì–¢,46,14,"0,08","0,08",,–ì–µ–Ω–µ—Ä–∞—Ü–∏—è –æ–ø–∏—Å–∞–Ω–∏–π –±–µ–∑ –æ–≥—Ä–∞–Ω–∏—á–µ–Ω–∏–π,,,1,FALSE,–û–ø—Ü–∏—è,"0,50%"
,FALSE,–ö–æ—Ä–æ–±,–°–¶ –ö—Ä—ã–ª–æ–≤—Å–∫–∞—è,"64,4","19,6","0,12","0,12",,–ü–µ—Ä—Å–æ–Ω–∞–ª—å–Ω–æ–µ —Ä–∞—Å—Å–º–æ—Ç—Ä–µ–Ω–∏–µ –∂–∞–ª–æ–± –Ω–∞ –ø–æ–¥–æ–∑—Ä–µ–Ω–∏–µ –≤ –º–æ—à–µ–Ω–Ω–∏—á–µ—Å—Ç–≤–µ,,,1,FALSE,–û–ø—Ü–∏—è,"0,25%"
,FALSE,–ö–æ—Ä–æ–±,–°–¶ –í–æ–ª–æ–≥–¥–∞ 2,"85,1","25,9","0,15","0,15",,–ë–ª–æ–∫ ¬´–ü—Ä–æ–¥–∞–≤–µ—Ü —Ä–µ–∫–æ–º–µ–Ω–¥—É–µ—Ç¬ª –≤ –∫–∞—Ä—Ç–æ—á–∫–µ —Ç–æ–≤–∞—Ä–∞,,,1,FALSE,–û–ø—Ü–∏—è,"1,50%"
,FALSE,–ö–æ—Ä–æ–±,–ë–µ–ª—ã–µ –°—Ç–æ–ª–±—ã,"128,8","39,2","0,22","0,22",,–í—ã—Ö–æ–¥–Ω—ã–µ –¥–Ω–∏ –¥–ª—è —Å–∫–ª–∞–¥–∞ –ø—Ä–æ–¥–∞–≤—Ü–∞ –ø–æ –º–æ–¥–µ–ª–∏ ¬´–ú–∞—Ä–∫–µ—Ç–ø–ª–µ–π—Å¬ª,,,1,FALSE,–û–ø—Ü–∏—è,"0,50%"
,FALSE,–ö–æ—Ä–æ–±,–ï–∫–∞—Ç–µ—Ä–∏–Ω–±—É—Ä–≥ - –ü–µ—Ä—Å–ø–µ–∫—Ç–∏–≤–Ω—ã–π 12/2,"55,2","16,8","0,15","0,15",,–ê–≤—Ç–æ–º–∞—Ç–∏—á–µ—Å–∫–∏–π –≤—ã–≤–æ–¥ –¥–µ–Ω–µ–≥ –Ω–∞ —Å—á—ë—Ç WB –ë–∞–Ω–∫–∞,,,1,FALSE,–û–ø—Ü–∏—è,"2,00%"
,FALSE,–ö–æ—Ä–æ–±,–ö—É–∑–Ω–µ—Ü–∫ –°–ì–¢,46,14,"0,08","0,08",,–ó–∞–∫—Ä–µ–ø–ª–µ–Ω–∏–µ –≤—Ç–æ—Ä–æ–≥–æ –æ—Ç–∑—ã–≤–∞,,,1,FALSE,–û–ø—Ü–∏—è,"0,75%"
,FALSE,–ö–æ—Ä–æ–±,–°—Ü –ë—Ä—è–Ω—Å–∫ 2,"71,3","21,7","0,12","0,12",,–û–±—â–∏–π —Ä–µ–π—Ç–∏–Ω–≥ –ø–æ –∫–∞—Ä—Ç–æ—á–∫–µ,,,1,FALSE,–û–ø—Ü–∏—è,"0,75%"
,TRUE,–ö–æ—Ä–æ–±,–≠–ª–µ–∫—Ç—Ä–æ—Å—Ç–∞–ª—å,"78,2","23,8","0,14","0,14",,–û—Ç–ª–æ–∂–µ–Ω–Ω–∞—è –ø—É–±–ª–∏–∫–∞—Ü–∏—è –Ω–µ–≥–∞—Ç–∏–≤–Ω—ã—Ö –æ—Ç–∑—ã–≤–æ–≤,,,1,FALSE,–û–ø—Ü–∏—è,"1,00%"
,FALSE,–ö–æ—Ä–æ–±,–°–¶ –ê–±–∞–∫–∞–Ω 2,92,28,"0,16","0,16",,–†–µ–π—Ç–∏–Ω–≥+,,,5,FALSE,–ü–∞–∫–µ—Ç,"2,50%"
,FALSE,–ö–æ—Ä–æ–±,–°–¶ –°–º–æ–ª–µ–Ω—Å–∫ 3,"73,6","22,4","0,13","0,13",,"–ü—Ä–æ–º–æ –ø—Ä–µ–º–∏—É–º 2,35%",,,5,TRUE,–ü–∞–∫–µ—Ç,"2,35%"
,FALSE,–ö–æ—Ä–æ–±,–°–¶ –ü–µ—Ä–º—å 2,"75,9","23,1",30.12,"0,13",,–ü—Ä–æ–º–æ+ 2%,,,6,TRUE,–ü–∞–∫–µ—Ç,"2,00%"
,TRUE,–ö–æ—Ä–æ–±,–ö–æ–ª–µ–¥–∏–Ω–æ,92,28,"0,16","0,16",,–ü—Ä–æ–º–æ 2%,,,6,TRUE,–ü–∞–∫–µ—Ç,"2,00%"
,FALSE,–ö–æ—Ä–æ–±,–†—è–∑–∞–Ω—å (–¢—é—à–µ–≤—Å–∫–æ–µ),"64,4","19,6","0,11","0,11",,–°—É–ø–µ—Ä–ø—Ä–æ–¥–∞–≤–µ—Ü,,,4,FALSE,–ü–∞–∫–µ—Ç,"4,50%"
,FALSE,–ö–æ—Ä–æ–±,–ù–æ–≤–æ—Å–µ–º–µ–π–∫–∏–Ω–æ,"39,1","11,9","0,14","0,14",,–°—É–ø–µ—Ä–∫–∞—Ä—Ç–æ—á–∫–∞,,,6,FALSE,–ü–∞–∫–µ—Ç,"4,50%"
,FALSE,–ö–æ—Ä–æ–±,–í–æ—Ä–æ–Ω–µ–∂,"34,5","10,5","0,13","0,13",,–î–∂–µ–º+,,,4,FALSE,–ü–∞–∫–µ—Ç,"4,00%"
,FALSE,–ö–æ—Ä–æ–±,–°–¶ –ë–∞–π—Å–µ—Ä–∫–µ,"62,1","18,9","0,11","0,11",,–°—É–ø–µ—Ä–±—Ä–µ–Ω–¥+,,,5,FALSE,–ü–∞–∫–µ—Ç,"3,50%"
,FALSE,–ö–æ—Ä–æ–±,–ö–æ—Ç–æ–≤—Å–∫,"64,4","19,6","0,11","0,11",,–°—É–ø–µ—Ä–≤–∏–∑—É–∞–ª,,,5,FALSE,–ü–∞–∫–µ—Ç,"3,50%"
,FALSE,–ö–æ—Ä–æ–±,–°–¶ –ü—è—Ç–∏–≥–æ—Ä—Å–∫ (–≠—Ç–æ–∫–∞),"62,1","18,9","0,11","0,11",,–°—É–ø–µ—Ä–±—Ä–µ–Ω–¥,,,5,FALSE,–ü–∞–∫–µ—Ç,"3,40%"
,FALSE,–ö–æ—Ä–æ–±,–ù–æ–≤–æ—Å–∏–±–∏—Ä—Å–∫,"204,7","62,3","0,36","0,36",,–°—É–ø–µ—Ä–∫–æ–Ω—Ç–µ–Ω—Ç,,,2,FALSE,–ü–∞–∫–µ—Ç,"2,30%"
,FALSE,–ö–æ—Ä–æ–±,–í–ª–∞–¥–∏–º–∏—Ä –í–æ—Ä—à–∏–Ω—Å–∫–æ–µ,"59,8","18,2","0,1","0,1",,–°—É–ø–µ—Ä–Ω–æ–≤–∏—á–æ–∫,,,5,FALSE,–ü–∞–∫–µ—Ç,"2,25%"
,FALSE,–ö–æ—Ä–æ–±,–í–æ–ª–≥–æ–≥—Ä–∞–¥,"50,6","15,4","0,09","0,09",,–°—É–ø–µ—Ä—Å–≤—è–∑—å,,,4,FALSE,–ü–∞–∫–µ—Ç,"2,00%"
,FALSE,–ö–æ—Ä–æ–±,–ï–∫–∞—Ç–µ—Ä–∏–Ω–±—É—Ä–≥ - –ò—Å–ø—ã—Ç–∞—Ç–µ–ª–µ–π 14–≥,"103,5","31,5","0,18","0,18",,,,,,,,
,FALSE,–ö–æ—Ä–æ–±,–°–∞—Ä–∞–ø—É–ª,"39,1","11,9","0,14","0,14",,,,,,,,
,FALSE,–ö–æ—Ä–æ–±,–°–¶ –ö—É–∑–Ω–µ—Ü–∫,"78,2","23,8","0,14","0,14",,,,,,,,
,FALSE,–ö–æ—Ä–æ–±,–°–¶ –ö–µ–º–µ—Ä–æ–≤–æ,"73,6","22,4","0,13","0,13",,,,,,,,
,FALSE,–ö–æ—Ä–æ–±,–°–¶ –ï—Ä–µ–≤–∞–Ω,"71,3","21,7","0,12","0,12",,,,,,,,
,FALSE,–ö–æ—Ä–æ–±,–°–¶ –ë–∞—Ä–Ω–∞—É–ª,"101,2","30,8","0,18","0,18",,,,,,,,
,TRUE,–ö–æ—Ä–æ–±,–¢—É–ª–∞,"73,6","22,4","0,13","0,13",,,,,,,,
,FALSE,–ö–æ—Ä–æ–±,–°–¶ –ê—Ä—Ö–∞–Ω–≥–µ–ª—å—Å–∫ (—É–ª –õ–µ–Ω–∏–Ω–∞),"82,8","25,2","0,14","0,14",,,,,,,,
,FALSE,–ö–æ—Ä–æ–±,–°–¶ –ú–∏–Ω—Å–∫,"89,7","27,3",30.12,"0,16",,,,,,,,
,FALSE,–ö–æ—Ä–æ–±,–°–¶ –ê—Å—Ç—Ä–∞—Ö–∞–Ω—å (–°–æ–ª—è–Ω–∫–∞),"71,3","21,7","0,13","0,13",,,,,,,,
,FALSE,–ö–æ—Ä–æ–±,–°–¶ –ö–∏—Ä–æ–≤,"85,1","25,9",30.12,"0,15",,,,,,,,
,FALSE,–ö–æ—Ä–æ–±,–°–¶ –ß–µ—Ä–µ–ø–æ–≤–µ—Ü,69,21,"0,12","0,12",,,,,,,,
,TRUE,–ö–æ—Ä–æ–±,–ö–∞–∑–∞–Ω—å,"101,2","30,8","0,18","0,18",,,,,,,,
,FALSE,–ö–æ—Ä–æ–±,–°–¶ –ù–∏–∂–Ω–∏–π –¢–∞–≥–∏–ª,"96,6","29,4","0,17","0,17",,,,,,,,
,FALSE,–ö–æ—Ä–æ–±,–û–±—É—Ö–æ–≤–æ –°–ì–¢,"34,5","10,5","0,06","0,06",,,,,,,,
,FALSE,–ö–æ—Ä–æ–±,–°–¶ –û—Ä–µ–Ω–±—É—Ä–≥ –¶–µ–Ω—Ç—Ä–∞–ª—å–Ω–∞—è,"89,7","27,3","0,16","0,16",,,,,,,,
,FALSE,–ö–æ—Ä–æ–±,–°–¶ –í–æ—Ä–æ–Ω–µ–∂,"80,5","24,5","0,14","0,14",,,,,,,,
,FALSE,–ö–æ—Ä–æ–±,–°–¶ –ê–∫—Ç–æ–±–µ,"66,7","20,3","0,12","0,12",,,,,,,,
,FALSE,–ö–æ—Ä–æ–±,–°–¶ –ë–µ–ª–æ–≥–æ—Ä—Å–∫,"73,6","22,4","0,13","0,13",,,,,,,,
,TRUE,–ö–æ—Ä–æ–±,–°–∞–Ω–∫—Ç-–ü–µ—Ç–µ—Ä–±—É—Ä–≥ (–£—Ç–∫–∏–Ω–∞ –ó–∞–≤–æ–¥—å),138,42,"0,24","0,24",,,,,,,,
,FALSE,–ö–æ—Ä–æ–±,–ì–æ–ª–∏—Ü—ã–Ω–æ –°–ì–¢,"34,5","10,5","0,06","0,06",,,,,,,,
,FALSE,–ö–æ—Ä–æ–±,–°–¶ –°–æ—Ñ—å–∏–Ω–æ,"73,6","22,4","0,13","0,13",,,,,,,,
,FALSE,–ö–æ—Ä–æ–±,–°–¶ –ù–æ–≤–æ–∫—É–∑–Ω–µ—Ü–∫,"82,8","25,2","0,14","0,14",,,,,,,,
,FALSE,–ö–æ—Ä–æ–±,–°–¶ –°–∞–±—É—Ä–æ–≤–æ,"59,8","18,2","0,1","0,1",,,,,,,,
,FALSE,–ö–æ—Ä–æ–±,–°–¶ –í–Ω—É–∫–æ–≤–æ,"80,5","24,5","0,14","0,14",,,,,,,,
,FALSE,–ö–æ—Ä–æ–±,–ê—Å—Ç–∞–Ω–∞ 2,"66,7","20,3","0,12","0,12",,,,,,,,
,FALSE,–ö–æ—Ä–æ–±,"–ß–µ—Ö–æ–≤ 2, –ù–æ–≤–æ—Å–µ–ª–∫–∏ –≤–ª 11 —Å—Ç—Ä 7","94,3","28,7","0,16","0,16",,,,,,,,
,FALSE,–ö–æ—Ä–æ–±,–°–¶ –°–∏–º—Ñ–µ—Ä–æ–ø–æ–ª—å –ú–æ–ª–æ–¥–µ–∂–Ω–µ–Ω—Å–∫–æ–µ,"66,7","20,3","0,12","0,12",,,,,,,,
,FALSE,–ö–æ—Ä–æ–±,–©–µ—Ä–±–∏–Ω–∫–∞,92,28,"0,16","0,16",,,,,,,,
,FALSE,–ö–æ—Ä–æ–±,–°–¶ –Ø—Ä–æ—Å–ª–∞–≤–ª—å –ì—Ä–æ–º–æ–≤–∞,"73,6","22,4","0,13","0,13",,,,,,,,
,FALSE,–ö–æ—Ä–æ–±,–°–∫–ª–∞–¥ –®—É—à–∞—Ä—ã,"101,2","30,8","0,18","0,18",,,,,,,,
,FALSE,–ö–æ—Ä–æ–±,–°–¶ –ü—Å–∫–æ–≤,"82,8","25,2","0,14","0,14",,,,,,,,
,FALSE,–ö–æ—Ä–æ–±,–ü–µ–Ω–∑–∞,46,14,"0,08","0,08",,,,,,,,
,FALSE,–ö–æ—Ä–æ–±,"–ß–µ—Ö–æ–≤ 1, –ù–æ–≤–æ—Å–µ–ª–∫–∏ –≤–ª 11 —Å—Ç—Ä 2","94,3","28,7","0,16","0,16",,,,,,,,
,FALSE,–ö–æ—Ä–æ–±,–°–¶ –ö–∞–ª—É–≥–∞,"78,2","23,8","0,14","0,14",,,,,,,,
,FALSE,–ö–æ—Ä–æ–±,–°–¶ –°—ã–∫—Ç—ã–≤–∫–∞—Ä,92,28,"0,16","0,16",,,,,,,,
,FALSE,–ö–æ—Ä–æ–±,–°–¶ –¢–∞–º–±–æ–≤,"59,8","18,2","0,1","0,1",,,,,,,,
,FALSE,–ö–æ—Ä–æ–±,–°–æ—Ñ—å–∏–Ω–æ –°–ì–¢,"43,7","13,3","0,08","0,08",,,,,,,,
,FALSE,–ö–æ—Ä–æ–±,–°–¶ –®—ã–º–∫–µ–Ω—Ç –ê—Å–∞—Ä,"66,7","20,3","0,12","0,12",,,,,,,,
,FALSE,–ö–æ—Ä–æ–±,–ù–µ–≤–∏–Ω–Ω–æ–º—ã—Å—Å–∫,"48,3","14,7","0,08","0,08",,,,,,,,
,FALSE,–ö–æ—Ä–æ–±,–°–¶ –ü—É—à–∫–∏–Ω–æ,69,21,"0,12","0,12",,,,,,,,
,FALSE,–ö–æ—Ä–æ–±,–°–¶ –¢—é–º–µ–Ω—å,"87,4","26,6","0,15","0,15",,,,,,,,
,FALSE,–ö–æ—Ä–æ–±,–ü–æ–¥–æ–ª—å—Å–∫,92,28,"0,16","0,16",,,,,,,,
,FALSE,–ú–æ–Ω–æ,–°–¶ –ü—É—à–∫–∏–Ω–æ,"94,3","28,7","51,25",,,,,,,,,
,TRUE,–ú–æ–Ω–æ,–ö–æ–ª–µ–¥–∏–Ω–æ,92,28,"53,75",,,,,,,,,
,FALSE,–ú–æ–Ω–æ,–ü–æ–¥–æ–ª—å—Å–∫ 3,"78,2","23,8","42,5",,,,,,,,,
,FALSE,–ú–æ–Ω–æ,–°–¶ –ò–∂–µ–≤—Å–∫,"87,4","26,6","47,5",,,,,,,,,
,FALSE,–ú–æ–Ω–æ,–°–¶ –ò–≤–∞–Ω–æ–≤–æ,"62,1","18,9","33,75",,,,,,,,,
,TRUE,–ú–æ–Ω–æ,–°–¶ –•–∞–±–∞—Ä–æ–≤—Å–∫,"39,1","11,9","21,25",,,,,,,,,
,FALSE,–ú–æ–Ω–æ,–°–¶ –Ø—Ä–æ—Å–ª–∞–≤–ª—å –ì—Ä–æ–º–æ–≤–∞,"78,2","23,8","41,25",,,,,,,,,
,FALSE,–ú–æ–Ω–æ,–ë–µ–ª—ã–µ –°—Ç–æ–ª–±—ã,"96,6","29,4","52,5",,,,,,,,,
,FALSE,–ú–æ–Ω–æ,–ê–ª–º–∞—Ç—ã –ê—Ç–∞–∫–µ–Ω—Ç,"32,2","9,8","17,5",,,,,,,,,
,FALSE,–ú–æ–Ω–æ,–†–∞–¥—É–º–ª—è –°–ì–¢,46,14,25,,,,,,,,,
,FALSE,–ú–æ–Ω–æ,–°–¶ –ö—Ä—ã–ª–æ–≤—Å–∫–∞—è,"103,5","31,5","56,25",,,,,,,,,
,FALSE,–ú–æ–Ω–æ,–û–±—É—Ö–æ–≤–æ,"78,2","23,8","42,5",,,,,,,,,
,FALSE,–ú–æ–Ω–æ,–°–¶ –ë–µ–ª–∞—è –î–∞—á–∞,"57,5","17,5","31,25",,,,,,,,,
,FALSE,–ú–æ–Ω–æ,–°–¶ –í–æ–ª–æ–≥–¥–∞ 2,"82,8","25,2",45,,,,,,,,,
,FALSE,–ú–æ–Ω–æ,–°–∫–ª–∞–¥ –®—É—à–∞—Ä—ã,138,42,75,,,,,,,,,
,FALSE,–ú–æ–Ω–æ,–ï–∫–∞—Ç–µ—Ä–∏–Ω–±—É—Ä–≥ - –ü–µ—Ä—Å–ø–µ–∫—Ç–∏–≤–Ω—ã–π 12/2,"103,5","31,5","56,25",,,,,,,,,
,TRUE,–ú–æ–Ω–æ,–ö—Ä–∞—Å–Ω–æ–¥–∞—Ä (–¢–∏—Ö–æ—Ä–µ—Ü–∫–∞—è),"75,9","23,1","41,25",,,,,,,,,
,FALSE,–ú–æ–Ω–æ,–ü–æ–¥–æ–ª—å—Å–∫ 4,161,49,"87,5",,,,,,,,,
,FALSE,–ú–æ–Ω–æ,–†—è–∑–∞–Ω—å (–¢—é—à–µ–≤—Å–∫–æ–µ),46,14,45,,,,,,,,,
,TRUE,–ú–æ–Ω–æ,–¢—É–ª–∞,"73,6","22,4",65,,,,,,,,,
,FALSE,–ú–æ–Ω–æ,–ù–æ–≤–æ—Å–µ–º–µ–π–∫–∏–Ω–æ,92,28,50,,,,,,,,,
,FALSE,–ú–æ–Ω–æ,–í–æ—Ä–æ–Ω–µ–∂,"73,6","22,4",40,,,,,,,,,
,FALSE,–ú–æ–Ω–æ,–ö–æ—Ç–æ–≤—Å–∫,"71,3","21,7","48,75",,,,,,,,,
,TRUE,–ú–æ–Ω–æ,–≠–ª–µ–∫—Ç—Ä–æ—Å—Ç–∞–ª—å,"78,2","23,8","41,25",,,,,,,,,
,FALSE,–ú–æ–Ω–æ,–í–ª–∞–¥–∏–º–∏—Ä –í–æ—Ä—à–∏–Ω—Å–∫–æ–µ,"96,6","29,4","52,5",,,,,,,,,
,FALSE,–ú–æ–Ω–æ,–°–¶ –ë–∞–π—Å–µ—Ä–∫–µ,"32,2","9,8","17,5",,,,,,,,,
,FALSE,–ú–æ–Ω–æ,–í–æ–ª–≥–æ–≥—Ä–∞–¥,"50,6","15,4","27,5",,,,,,,,,
,FALSE,–ú–æ–Ω–æ,–°–∞—Ä–∞–ø—É–ª,"96,6","29,4","52,5",,,,,,,,,
,FALSE,–ú–æ–Ω–æ,–°–¶ –ö—É–∑–Ω–µ—Ü–∫,"75,9","23,1","41,25",,,,,,,,,
,FALSE,–ú–æ–Ω–æ,–°–¶ –ë–∞—Ä–Ω–∞—É–ª,"96,6","29,4","52,5",,,,,,,,,
,FALSE,–ú–æ–Ω–æ,–ö—É–∑–Ω–µ—Ü–∫ –°–ì–¢,46,14,25,,,,,,,,,
,FALSE,–ú–æ–Ω–æ,–°–¶ –ú–∏–Ω—Å–∫,"89,7","27,3","48,75",,,,,,,,,
,TRUE,–ú–æ–Ω–æ,–°–∞–Ω–∫—Ç-–ü–µ—Ç–µ—Ä–±—É—Ä–≥ (–£—Ç–∫–∏–Ω–∞ –ó–∞–≤–æ–¥—å),115,35,"62,5",,,,,,,,,
,FALSE,–ú–æ–Ω–æ,–°–¶ –®—É—à–∞—Ä—ã,"105,8","32,2","57,5",,,,,,,,,
,FALSE,–ú–æ–Ω–æ,–û–±—É—Ö–æ–≤–æ –°–ì–¢,46,14,25,,,,,,,,,
,FALSE,–ú–æ–Ω–æ,–°–¶ –û–±—É—Ö–æ–≤–æ 2,"78,2","23,8","42,5",,,,,,,,,
,FALSE,–ú–æ–Ω–æ,–°–¶ –ê–∫—Ç–æ–±–µ,"27,6","8,4",15,,,,,,,,,
,FALSE,–ú–æ–Ω–æ,–ì–æ–ª–∏—Ü—ã–Ω–æ –°–ì–¢,46,14,25,,,,,,,,,
,FALSE,–ú–æ–Ω–æ,–ß–∞—à–Ω–∏–∫–æ–≤–æ,115,35,"62,5",,,,,,,,,
,FALSE,–ú–æ–Ω–æ,–ê—Å—Ç–∞–Ω–∞ 2,"41,4","12,6","22,5",,,,,,,,,
,FALSE,–ú–æ–Ω–æ,–°–∫–ª–∞–¥ –í–ª–∞–¥–∏–≤–æ—Å—Ç–æ–∫,"101,2","30,8",55,,,,,,,,,
,FALSE,–ú–æ–Ω–æ,–©–µ—Ä–±–∏–Ω–∫–∞,"98,9","30,1","53,75",,,,,,,,,
,FALSE,–ú–æ–Ω–æ,"–ß–µ—Ö–æ–≤ 1, –ù–æ–≤–æ—Å–µ–ª–∫–∏ –≤–ª 11 —Å—Ç—Ä 2","94,3","28,7","51,25",,,,,,,,,
,FALSE,–ú–æ–Ω–æ,"–ß–µ—Ö–æ–≤ 2, –ù–æ–≤–æ—Å–µ–ª–∫–∏ –≤–ª 11 —Å—Ç—Ä 7","94,3","28,7","51,25",,,,,,,,,
,TRUE,–ú–æ–Ω–æ,–ö–∞–∑–∞–Ω—å,"110,4","33,6",65,,,,,,,,,
,FALSE,–ú–æ–Ω–æ,–Ø—Ä–æ—Å–ª–∞–≤–ª—å –°–ì–¢,46,14,25,,,,,,,,,
,FALSE,–ú–æ–Ω–æ,–°–∫–ª–∞–¥ –ò—Å—Ç—Ä–∞,92,28,50,,,,,,,,,
,FALSE,–ú–æ–Ω–æ,–¢–∞—à–∫–µ–Ω—Ç 1,46,14,25,,,,,,,,,
,FALSE,–ú–æ–Ω–æ,–°–∞–Ω–∫—Ç-–ü–µ—Ç–µ—Ä–±—É—Ä–≥ –°–ì–¢,46,14,25,,,,,,,,,
,FALSE,–ú–æ–Ω–æ,–ü–µ–Ω–∑–∞,46,14,25,,,,,,,,,
,FALSE,–ú–æ–Ω–æ,–°–æ—Ñ—å–∏–Ω–æ –°–ì–¢,46,14,25,,,,,,,,,
,FALSE,–ú–æ–Ω–æ,–°–æ—Ñ—Ä–∏–Ω–æ –°–ì–¢,46,14,25,,,,,,,,,
,FALSE,–ú–æ–Ω–æ,–ù–æ–≤–æ—Å–∏–±–∏—Ä—Å–∫ –°–ì–¢,46,14,25,,,,,,,,,
,FALSE,–ú–æ–Ω–æ,–ß–µ–ª—è–±–∏–Ω—Å–∫ –°–ì–¢,46,14,25,,,,,,,,,
,FALSE,–ú–æ–Ω–æ,–ù–∏–∂–Ω–∏–π –¢–∞–≥–∏–ª: –ò–Ω–¥—É—Å—Ç—Ä–∏–∞–ª—å–Ω–∞—è –°–ì–¢,46,14,25,,,,,,,,,
,FALSE,–ú–æ–Ω–æ,–ö–æ–ª–µ–¥–∏–Ω–æ: –ì–æ—Ä—é—á–µ–µ,92,28,"53,75",,,,,,,,,
,FALSE,–ú–æ–Ω–æ,–ù–µ–≤–∏–Ω–Ω–æ–º—ã—Å—Å–∫,"52,9","16,1","43,75",,,,,,,,,
,FALSE,–ú–æ–Ω–æ,–ü–µ–Ω–∑–∞ –°–ì–¢,46,14,25,,,,,,,,,
,FALSE,–ö–æ—Ä–æ–±,FBS: –ö–æ–ª–µ–¥–∏–Ω–æ,"89,7","27,3",,,,,,,,,,
,FALSE,–ö–æ—Ä–æ–±,FBS: –ü–æ–¥–æ–ª—å—Å–∫,"89,7","27,3",,,,,,,,,,
,FALSE,–ö–æ—Ä–æ–±,FBS: –≠–ª–µ–∫—Ç—Ä–æ—Å—Ç–∞–ª—å,"73,6","22,4",,,,,,,,,,
,FALSE,–ö–æ—Ä–æ–±,FBS: –¢—É–ª–∞,69,21,,,,,,,,,,
,FALSE,–ö–æ—Ä–æ–±,FBS: –ß–µ—Ö–æ–≤ 2,"89,7","27,3",,,,,,,,,,
,FALSE,–ö–æ—Ä–æ–±,FBS: –ë–µ–ª–∞—è –¥–∞—á–∞,"89,7","27,3",,,,,,,,,,
,FALSE,–ö–æ—Ä–æ–±,FBS: –ë–µ–ª—ã–µ –°—Ç–æ–ª–±—ã,"89,7","27,3",,,,,,,,,,
,FALSE,–ö–æ—Ä–æ–±,FBS: –û–±—É—Ö–æ–≤–æ,"73,6","22,4",,,,,,,,,,
,FALSE,–ö–æ—Ä–æ–±,FBS: –†–∞–¥—É–º–ª—è –°–ì–¢,"43,7","13,3",,,,,,,,,,
,FALSE,–ö–æ—Ä–æ–±,FBS: –†—è–∑–∞–Ω—å (–¢—é—à–µ–≤—Å–∫–æ–µ),"55,2","16,8",,,,,,,,,,
,FALSE,–ö–æ—Ä–æ–±,FBS: –ö–æ—Ç–æ–≤—Å–∫,69,21,,,,,,,,,,
,FALSE,–ö–æ—Ä–æ–±,FBS: –û–±—É—Ö–æ–≤–æ –°–ì–¢,"34,5","10,5",,,,,,,,,,
,FALSE,–ö–æ—Ä–æ–±,FBS: –ì–æ–ª–∏—Ü—ã–Ω–æ –°–ì–¢,"34,5","10,5",,,,,,,,,,
,FALSE,–ö–æ—Ä–æ–±,FBS: –ú–∞—Ä–∫–µ—Ç–ø–ª–µ–π—Å: –¶–µ–Ω—Ç—Ä–∞–ª—å–Ω—ã–π —Ñ–µ–¥–µ—Ä–∞–ª—å–Ω—ã–π –æ–∫—Ä—É–≥ –°–ì–¢,"34,5","10,5",,,,,,,,,,
,FALSE,–ö–æ—Ä–æ–±,FBS: –ú–∞—Ä–∫–µ—Ç–ø–ª–µ–π—Å: –¶–µ–Ω—Ç—Ä–∞–ª—å–Ω—ã–π —Ñ–µ–¥–µ—Ä–∞–ª—å–Ω—ã–π –æ–∫—Ä—É–≥,"75,9","23,1",,,,,,,,,,
,FALSE,–ö–æ—Ä–æ–±,FBS: –í–ª–∞–¥–∏–º–∏—Ä,"64,4","19,6",,,,,,,,,,
,FALSE,–ö–æ—Ä–æ–±,FBS: –°–æ—Ñ—Ä–∏–Ω–æ –°–ì–¢,"43,7","13,3",,,,,,,,,,
,FALSE,–ö–æ—Ä–æ–±,FBS: –Ø—Ä–æ—Å–ª–∞–≤–ª—å –°–ì–¢,46,14,,,,,,,,,,
,FALSE,–ö–æ—Ä–æ–±,FBS: –í–æ—Ä–æ–Ω–µ–∂,"73,6","22,4",,,,,,,,,,
,FALSE,–ö–æ—Ä–æ–±,FBS: –°–æ—Ñ—å–∏–Ω–æ –°–ì–¢,"43,7","13,3",,,,,,,,,,
,FALSE,–ö–æ—Ä–æ–±,FBS: –°–∞–Ω–∫—Ç-–ü–µ—Ç–µ—Ä–±—É—Ä–≥ –£—Ç–∫–∏–Ω–∞ –ó–∞–≤–æ–¥—å,"101,2","30,8",,,,,,,,,,
,FALSE,–ö–æ—Ä–æ–±,FBS: –ú–∞—Ä–∫–µ—Ç–ø–ª–µ–π—Å: –°–µ–≤–µ—Ä–æ-–ó–∞–ø–∞–¥–Ω—ã–π —Ñ–µ–¥–µ—Ä–∞–ª—å–Ω—ã–π –æ–∫—Ä—É–≥ –°–ì–¢,"48,3","14,7",,,,,,,,,,
,FALSE,–ö–æ—Ä–æ–±,FBS: –ú–∞—Ä–∫–µ—Ç–ø–ª–µ–π—Å: –°–µ–≤–µ—Ä–æ-–ó–∞–ø–∞–¥–Ω—ã–π —Ñ–µ–¥–µ—Ä–∞–ª—å–Ω—ã–π –æ–∫—Ä—É–≥,92,28,,,,,,,,,,
,FALSE,–ö–æ—Ä–æ–±,FBS: –°–∞–Ω–∫—Ç-–ü–µ—Ç–µ—Ä–±—É—Ä–≥ –°–ì–¢,"48,3","14,7",,,,,,,,,,
,FALSE,–ö–æ—Ä–æ–±,FBS: –ö—Ä–∞—Å–Ω–æ–¥–∞—Ä,"73,6","22,4",,,,,,,,,,
,FALSE,–ö–æ—Ä–æ–±,FBS: –í–æ–ª–≥–æ–≥—Ä–∞–¥,"50,6","15,4",,,,,,,,,,
,FALSE,–ö–æ—Ä–æ–±,FBS: –ú–∞—Ä–∫–µ—Ç–ø–ª–µ–π—Å: –Æ–∂–Ω—ã–π —Ñ–µ–¥–µ—Ä–∞–ª—å–Ω—ã–π –æ–∫—Ä—É–≥ –°–ì–¢,46,14,,,,,,,,,,
,FALSE,–ö–æ—Ä–æ–±,FBS: –ú–∞—Ä–∫–µ—Ç–ø–ª–µ–π—Å: –Æ–∂–Ω—ã–π —Ñ–µ–¥–µ—Ä–∞–ª—å–Ω—ã–π –æ–∫—Ä—É–≥,"73,6","22,4",,,,,,,,,,
,FALSE,–ö–æ—Ä–æ–±,FBS: –ù–µ–≤–∏–Ω–Ω–æ–º—ã—Å—Å–∫,"59,8","18,2",,,,,,,,,,
,FALSE,–ö–æ—Ä–æ–±,FBS: –ú–∞—Ä–∫–µ—Ç–ø–ª–µ–π—Å: –°–µ–≤–µ—Ä–æ-–ö–∞–≤–∫–∞–∑—Å–∫–∏–π —Ñ–µ–¥–µ—Ä–∞–ª—å–Ω—ã–π –æ–∫—Ä—É–≥ –°–ì–¢,46,14,,,,,,,,,,
,FALSE,–ö–æ—Ä–æ–±,FBS: –ú–∞—Ä–∫–µ—Ç–ø–ª–µ–π—Å: –°–µ–≤–µ—Ä–æ-–ö–∞–≤–∫–∞–∑—Å–∫–∏–π —Ñ–µ–¥–µ—Ä–∞–ª—å–Ω—ã–π –æ–∫—Ä—É–≥,"59,8","18,2",,,,,,,,,,
,FALSE,–ö–æ—Ä–æ–±,FBS: –ö–∞–∑–∞–Ω—å,"101,2","30,8",,,,,,,,,,
,FALSE,–ö–æ—Ä–æ–±,FBS: –°–∞–º–∞—Ä–∞ (–ù–æ–≤–æ—Å–µ–º–µ–π–∫–∏–Ω–æ),92,28,,,,,,,,,,
,FALSE,–ö–æ—Ä–æ–±,FBS: –ú–∞—Ä–∫–µ—Ç–ø–ª–µ–π—Å: –ü—Ä–∏–≤–æ–ª–∂—Å–∫–∏–π —Ñ–µ–¥–µ—Ä–∞–ª—å–Ω—ã–π –æ–∫—Ä—É–≥ –°–ì–¢,46,14,,,,,,,,,,
,FALSE,–ö–æ—Ä–æ–±,FBS: –ú–∞—Ä–∫–µ—Ç–ø–ª–µ–π—Å: –ü—Ä–∏–≤–æ–ª–∂—Å–∫–∏–π —Ñ–µ–¥–µ—Ä–∞–ª—å–Ω—ã–π –æ–∫—Ä—É–≥,92,28,,,,,,,,,,
,FALSE,–ö–æ—Ä–æ–±,FBS: –°–∞—Ä–∞–ø—É–ª,"96,6","29,4",,,,,,,,,,
,FALSE,–ö–æ—Ä–æ–±,FBS: –ö—É–∑–Ω–µ—Ü–∫ –°–ì–¢,46,14,,,,,,,,,,
,FALSE,–ö–æ—Ä–æ–±,FBS: –ï–∫–∞—Ç–µ—Ä–∏–Ω–±—É—Ä–≥ - –ò—Å–ø—ã—Ç–∞—Ç–µ–ª–µ–π 14–≥,"101,2","30,8",,,,,,,,,,
,FALSE,–ö–æ—Ä–æ–±,FBS: –ï–∫–∞—Ç–µ—Ä–∏–Ω–±—É—Ä–≥ - –ü–µ—Ä—Å–ø–µ–∫—Ç–∏–≤–Ω—ã–π 12,"103,5","31,5",,,,,,,,,,
,FALSE,–ö–æ—Ä–æ–±,FBS: –ú–∞—Ä–∫–µ—Ç–ø–ª–µ–π—Å: –£—Ä–∞–ª—å—Å–∫–∏–π —Ñ–µ–¥–µ—Ä–∞–ª—å–Ω—ã–π –æ–∫—Ä—É–≥ –°–ì–¢,46,14,,,,,,,,,,
,FALSE,–ö–æ—Ä–æ–±,FBS: –ú–∞—Ä–∫–µ—Ç–ø–ª–µ–π—Å: –£—Ä–∞–ª—å—Å–∫–∏–π —Ñ–µ–¥–µ—Ä–∞–ª—å–Ω—ã–π –æ–∫—Ä—É–≥,92,28,,,,,,,,,,
,FALSE,–ö–æ—Ä–æ–±,FBS: –ß–µ–ª—è–±–∏–Ω—Å–∫ –°–ì–¢,46,14,,,,,,,,,,
,FALSE,–ö–æ—Ä–æ–±,FBS: –ù–æ–≤–æ—Å–∏–±–∏—Ä—Å–∫,"101,2","30,8",,,,,,,,,,
,FALSE,–ö–æ—Ä–æ–±,FBS: –ú–∞—Ä–∫–µ—Ç–ø–ª–µ–π—Å: –°–∏–±–∏—Ä—Å–∫–∏–π —Ñ–µ–¥–µ—Ä–∞–ª—å–Ω—ã–π –æ–∫—Ä—É–≥ –°–ì–¢,46,14,,,,,,,,,,
,FALSE,–ö–æ—Ä–æ–±,FBS: –ú–∞—Ä–∫–µ—Ç–ø–ª–µ–π—Å: –°–∏–±–∏—Ä—Å–∫–∏–π —Ñ–µ–¥–µ—Ä–∞–ª—å–Ω—ã–π –æ–∫—Ä—É–≥,92,28,,,,,,,,,,
,FALSE,–ö–æ—Ä–æ–±,FBS: –ú–∞—Ä–∫–µ—Ç–ø–ª–µ–π—Å: –î–∞–ª—å–Ω–µ–≤–æ—Å—Ç–æ—á–Ω—ã–π —Ñ–µ–¥–µ—Ä–∞–ª—å–Ω—ã–π –æ–∫—Ä—É–≥ –°–ì–¢,46,14,,,,,,,,,,
,FALSE,–ö–æ—Ä–æ–±,FBS: –ú–∞—Ä–∫–µ—Ç–ø–ª–µ–π—Å: –î–∞–ª—å–Ω–µ–≤–æ—Å—Ç–æ—á–Ω—ã–π —Ñ–µ–¥–µ—Ä–∞–ª—å–Ω—ã–π –æ–∫—Ä—É–≥,"71,3","21,7",,,,,,,,,,
,FALSE,–ö–æ—Ä–æ–±,FBS: –ú–∞—Ä–∫–µ—Ç–ø–ª–µ–π—Å: –ê—Ä–º–µ–Ω–∏—è –°–ì–¢,46,14,,,,,,,,,,
,FALSE,–ö–æ—Ä–æ–±,FBS: –°–¶ –ï—Ä–µ–≤–∞–Ω,"71,3","21,7",,,,,,,,,,
,FALSE,–ö–æ—Ä–æ–±,FBS: –ú–∞—Ä–∫–µ—Ç–ø–ª–µ–π—Å: –ë–µ–ª–∞—Ä—É—Å—å –°–ì–¢,46,14,,,,,,,,,,
,FALSE,–ö–æ—Ä–æ–±,FBS: –ú–∞—Ä–∫–µ—Ç–ø–ª–µ–π—Å: –ë–µ–ª–∞—Ä—É—Å—å,"71,3","21,7",,,,,,,,,,
,FALSE,–ö–æ—Ä–æ–±,FBS: –ê—Ç–∞–∫–µ–Ω—Ç,"62,1","18,9",,,,,,,,,,
,FALSE,–ö–æ—Ä–æ–±,FBS: –ê—Å—Ç–∞–Ω–∞ –ö–∞—Ä–∞–≥–∞–Ω–¥–∏–Ω—Å–∫–æ–µ —à–æ—Å—Å–µ,"66,7","20,3",,,,,,,,,,
,FALSE,–ö–æ—Ä–æ–±,FBS: –ú–∞—Ä–∫–µ—Ç–ø–ª–µ–π—Å: –ö–∞–∑–∞—Ö—Å—Ç–∞–Ω –°–ì–¢,46,14,,,,,,,,,,
,FALSE,–ö–æ—Ä–æ–±,FBS: –ú–∞—Ä–∫–µ—Ç–ø–ª–µ–π—Å: –ö–∞–∑–∞—Ö—Å—Ç–∞–Ω,"66,7","20,3",,,,,,,,,,
,FALSE,–ö–æ—Ä–æ–±,FBS: –ú–∞—Ä–∫–µ—Ç–ø–ª–µ–π—Å: –ö—ã—Ä–≥—ã–∑—Å—Ç–∞–Ω –°–ì–¢,46,14,,,,,,,,,,
,FALSE,–ö–æ—Ä–æ–±,FBS: –ú–∞—Ä–∫–µ—Ç–ø–ª–µ–π—Å: –ö—ã—Ä–≥—ã–∑—Å—Ç–∞–Ω,"71,3","21,7",,,,,,,,,,
,FALSE,–ö–æ—Ä–æ–±,FBS: –ú–∞—Ä–∫–µ—Ç–ø–ª–µ–π—Å: –£–∑–±–µ–∫–∏—Å—Ç–∞–Ω,"71,3","21,7",,,,,,,,,,
,FALSE,–ö–æ—Ä–æ–±,FBS: –¢–∞—à–∫–µ–Ω—Ç,46,14,,,,,,,,,,
,FALSE,–ö–æ—Ä–æ–±,FBS: –ú–∞—Ä–∫–µ—Ç–ø–ª–µ–π—Å: –ì—Ä—É–∑–∏—è,46,14,,,,,,,,,,
,FALSE,–ö–æ—Ä–æ–±,FBS: –ú–∞—Ä–∫–µ—Ç–ø–ª–µ–π—Å: –ì—Ä—É–∑–∏—è –°–ì–¢,46,14,,,,,,,,,,